nil	cat	day	diff
1	Arts & Entertainment	2014-09-02	10
1	Arts & Entertainment	2014-09-03	9
1	Arts & Entertainment	2014-09-04	3
1	Arts & Entertainment	2014-09-05	13
1	Arts & Entertainment	2014-09-06	12
1	Arts & Entertainment	2014-09-07	23
1	College & University	2014-09-02	1
1	College & University	2014-09-03	4
1	College & University	2014-09-04	5
1	College & University	2014-09-05	4
1	College & University	2014-09-06	527
1	College & University	2014-09-07	5
1	Event	2014-09-02	0
1	Event	2014-09-03	0
1	Event	2014-09-04	0
1	Event	2014-09-05	1
1	Event	2014-09-06	0
1	Event	2014-09-07	0
1	Food	2014-09-02	84
1	Food	2014-09-03	121
1	Food	2014-09-04	137
1	Food	2014-09-05	132
1	Food	2014-09-06	1027
1	Food	2014-09-07	149
1	Nightlife Spot	2014-09-02	14
1	Nightlife Spot	2014-09-03	15
1	Nightlife Spot	2014-09-04	26
1	Nightlife Spot	2014-09-05	28
1	Nightlife Spot	2014-09-06	37
1	Nightlife Spot	2014-09-07	31
1	Outdoors & Recreation	2014-09-02	53
1	Outdoors & Recreation	2014-09-03	81
1	Outdoors & Recreation	2014-09-04	85
1	Outdoors & Recreation	2014-09-05	79
1	Outdoors & Recreation	2014-09-06	89
1	Outdoors & Recreation	2014-09-07	121
1	Professional & Other Places	2014-09-02	40
1	Professional & Other Places	2014-09-03	77
1	Professional & Other Places	2014-09-04	61
1	Professional & Other Places	2014-09-05	85
1	Professional & Other Places	2014-09-06	82
1	Professional & Other Places	2014-09-07	71
1	Shop & Service	2014-09-02	29
1	Shop & Service	2014-09-03	36
1	Shop & Service	2014-09-04	55
1	Shop & Service	2014-09-05	45
1	Shop & Service	2014-09-06	44
1	Shop & Service	2014-09-07	56
1	Travel & Transport	2014-09-02	13
1	Travel & Transport	2014-09-03	37
1	Travel & Transport	2014-09-04	45
1	Travel & Transport	2014-09-05	32
1	Travel & Transport	2014-09-06	34
1	Travel & Transport	2014-09-07	22
10	Arts & Entertainment	2014-09-02	0
10	Arts & Entertainment	2014-09-03	0
10	Arts & Entertainment	2014-09-04	0
10	Arts & Entertainment	2014-09-05	2
10	Arts & Entertainment	2014-09-06	2
10	Arts & Entertainment	2014-09-07	1
10	Food	2014-09-02	14
10	Food	2014-09-03	27
10	Food	2014-09-04	30
10	Food	2014-09-05	32
10	Food	2014-09-06	35
10	Food	2014-09-07	20
10	Nightlife Spot	2014-09-02	2
10	Nightlife Spot	2014-09-03	3
10	Nightlife Spot	2014-09-04	10
10	Nightlife Spot	2014-09-05	8
10	Nightlife Spot	2014-09-06	7
10	Nightlife Spot	2014-09-07	3
10	Outdoors & Recreation	2014-09-02	1
10	Outdoors & Recreation	2014-09-03	7
10	Outdoors & Recreation	2014-09-04	4
10	Outdoors & Recreation	2014-09-05	2
10	Outdoors & Recreation	2014-09-06	4
10	Outdoors & Recreation	2014-09-07	9
10	Professional & Other Places	2014-09-02	3
10	Professional & Other Places	2014-09-03	12
10	Professional & Other Places	2014-09-04	7
10	Professional & Other Places	2014-09-05	9
10	Professional & Other Places	2014-09-06	12
10	Professional & Other Places	2014-09-07	0
10	Residence	2014-09-02	0
10	Residence	2014-09-03	0
10	Residence	2014-09-04	1
10	Residence	2014-09-05	0
10	Residence	2014-09-06	0
10	Residence	2014-09-07	0
10	Shop & Service	2014-09-02	0
10	Shop & Service	2014-09-03	3
10	Shop & Service	2014-09-04	1
10	Shop & Service	2014-09-05	3
10	Shop & Service	2014-09-06	4
10	Shop & Service	2014-09-07	1
10	Travel & Transport	2014-09-02	11
10	Travel & Transport	2014-09-03	22
10	Travel & Transport	2014-09-04	29
10	Travel & Transport	2014-09-05	30
10	Travel & Transport	2014-09-06	44
10	Travel & Transport	2014-09-07	16
11	College & University	2014-09-02	0
11	College & University	2014-09-03	0
11	College & University	2014-09-04	1
11	College & University	2014-09-05	0
11	College & University	2014-09-06	0
11	College & University	2014-09-07	0
11	Food	2014-09-02	3
11	Food	2014-09-03	22
11	Food	2014-09-04	262
11	Food	2014-09-05	18
11	Food	2014-09-06	18
11	Food	2014-09-07	34
11	Nightlife Spot	2014-09-02	8
11	Nightlife Spot	2014-09-03	10
11	Nightlife Spot	2014-09-04	14
11	Nightlife Spot	2014-09-05	13
11	Nightlife Spot	2014-09-06	12
11	Nightlife Spot	2014-09-07	33
11	Outdoors & Recreation	2014-09-02	4
11	Outdoors & Recreation	2014-09-03	9
11	Outdoors & Recreation	2014-09-04	8
11	Outdoors & Recreation	2014-09-05	2
11	Outdoors & Recreation	2014-09-06	7
11	Outdoors & Recreation	2014-09-07	7
11	Professional & Other Places	2014-09-02	1
11	Professional & Other Places	2014-09-03	15
11	Professional & Other Places	2014-09-04	10
11	Professional & Other Places	2014-09-05	12
11	Professional & Other Places	2014-09-06	11
11	Professional & Other Places	2014-09-07	2
11	Shop & Service	2014-09-02	1
11	Shop & Service	2014-09-03	2
11	Shop & Service	2014-09-04	3
11	Shop & Service	2014-09-05	2
11	Shop & Service	2014-09-06	2
11	Shop & Service	2014-09-07	12
11	Travel & Transport	2014-09-02	0
11	Travel & Transport	2014-09-03	2
11	Travel & Transport	2014-09-04	3
11	Travel & Transport	2014-09-05	4
11	Travel & Transport	2014-09-06	3
11	Travel & Transport	2014-09-07	-1
12	Arts & Entertainment	2014-09-02	0
12	Arts & Entertainment	2014-09-03	1
12	Arts & Entertainment	2014-09-04	0
12	Arts & Entertainment	2014-09-05	0
12	Arts & Entertainment	2014-09-06	1
12	Arts & Entertainment	2014-09-07	1
12	Food	2014-09-02	0
12	Food	2014-09-03	7
12	Food	2014-09-04	4
12	Food	2014-09-05	6
12	Food	2014-09-06	5
12	Food	2014-09-07	3
12	Nightlife Spot	2014-09-02	0
12	Nightlife Spot	2014-09-03	1
12	Nightlife Spot	2014-09-04	0
12	Nightlife Spot	2014-09-05	0
12	Nightlife Spot	2014-09-06	0
12	Nightlife Spot	2014-09-07	0
12	Outdoors & Recreation	2014-09-02	0
12	Outdoors & Recreation	2014-09-03	0
12	Outdoors & Recreation	2014-09-04	1
12	Outdoors & Recreation	2014-09-05	0
12	Outdoors & Recreation	2014-09-06	0
12	Outdoors & Recreation	2014-09-07	0
12	Professional & Other Places	2014-09-02	0
12	Professional & Other Places	2014-09-03	1
12	Professional & Other Places	2014-09-04	0
12	Professional & Other Places	2014-09-05	1
12	Professional & Other Places	2014-09-06	0
12	Professional & Other Places	2014-09-07	1
12	Shop & Service	2014-09-02	2
12	Shop & Service	2014-09-03	0
12	Shop & Service	2014-09-04	0
12	Shop & Service	2014-09-05	1
12	Shop & Service	2014-09-06	0
12	Shop & Service	2014-09-07	3
12	Travel & Transport	2014-09-02	1
12	Travel & Transport	2014-09-03	0
12	Travel & Transport	2014-09-04	1
12	Travel & Transport	2014-09-05	2
12	Travel & Transport	2014-09-06	1
12	Travel & Transport	2014-09-07	3
13	Food	2014-09-02	1
13	Food	2014-09-03	3
13	Food	2014-09-04	0
13	Food	2014-09-05	1
13	Food	2014-09-06	2
13	Food	2014-09-07	1
13	Nightlife Spot	2014-09-02	0
13	Nightlife Spot	2014-09-03	1
13	Nightlife Spot	2014-09-04	0
13	Nightlife Spot	2014-09-05	0
13	Nightlife Spot	2014-09-06	0
13	Nightlife Spot	2014-09-07	0
13	Outdoors & Recreation	2014-09-02	0
13	Outdoors & Recreation	2014-09-03	0
13	Outdoors & Recreation	2014-09-04	0
13	Outdoors & Recreation	2014-09-05	0
13	Outdoors & Recreation	2014-09-06	1
13	Outdoors & Recreation	2014-09-07	1
13	Professional & Other Places	2014-09-02	1
13	Professional & Other Places	2014-09-03	6
13	Professional & Other Places	2014-09-04	7
13	Professional & Other Places	2014-09-05	5
13	Professional & Other Places	2014-09-06	4
13	Professional & Other Places	2014-09-07	0
13	Shop & Service	2014-09-02	0
13	Shop & Service	2014-09-03	2
13	Shop & Service	2014-09-04	0
13	Shop & Service	2014-09-05	1
13	Shop & Service	2014-09-06	3
13	Shop & Service	2014-09-07	0
13	Travel & Transport	2014-09-02	0
13	Travel & Transport	2014-09-03	0
13	Travel & Transport	2014-09-04	0
13	Travel & Transport	2014-09-05	0
13	Travel & Transport	2014-09-06	1
13	Travel & Transport	2014-09-07	0
14	Food	2014-09-02	0
14	Food	2014-09-03	0
14	Food	2014-09-04	1
14	Food	2014-09-05	1
14	Food	2014-09-06	3
14	Food	2014-09-07	1
14	Nightlife Spot	2014-09-02	0
14	Nightlife Spot	2014-09-03	0
14	Nightlife Spot	2014-09-04	1
14	Nightlife Spot	2014-09-05	0
14	Nightlife Spot	2014-09-06	0
14	Nightlife Spot	2014-09-07	0
14	Outdoors & Recreation	2014-09-02	0
14	Outdoors & Recreation	2014-09-03	2
14	Outdoors & Recreation	2014-09-04	1
14	Outdoors & Recreation	2014-09-05	1
14	Outdoors & Recreation	2014-09-06	1
14	Outdoors & Recreation	2014-09-07	1
14	Professional & Other Places	2014-09-02	1
14	Professional & Other Places	2014-09-03	5
14	Professional & Other Places	2014-09-04	4
14	Professional & Other Places	2014-09-05	5
14	Professional & Other Places	2014-09-06	5
14	Professional & Other Places	2014-09-07	0
14	Residence	2014-09-02	0
14	Residence	2014-09-03	0
14	Residence	2014-09-04	0
14	Residence	2014-09-05	1
14	Residence	2014-09-06	1
14	Residence	2014-09-07	0
14	Shop & Service	2014-09-02	0
14	Shop & Service	2014-09-03	1
14	Shop & Service	2014-09-04	1
14	Shop & Service	2014-09-05	0
14	Shop & Service	2014-09-06	2
14	Shop & Service	2014-09-07	1
14	Travel & Transport	2014-09-02	5
14	Travel & Transport	2014-09-03	4
14	Travel & Transport	2014-09-04	4
14	Travel & Transport	2014-09-05	7
14	Travel & Transport	2014-09-06	3
14	Travel & Transport	2014-09-07	6
15	Arts & Entertainment	2014-09-02	0
15	Arts & Entertainment	2014-09-03	3
15	Arts & Entertainment	2014-09-04	1
15	Arts & Entertainment	2014-09-05	5
15	Arts & Entertainment	2014-09-06	9
15	Arts & Entertainment	2014-09-07	4
15	College & University	2014-09-02	0
15	College & University	2014-09-03	4
15	College & University	2014-09-04	4
15	College & University	2014-09-05	5
15	College & University	2014-09-06	5
15	College & University	2014-09-07	1
15	Food	2014-09-02	1
15	Food	2014-09-03	2
15	Food	2014-09-04	6
15	Food	2014-09-05	5
15	Food	2014-09-06	12
15	Food	2014-09-07	5
15	Nightlife Spot	2014-09-02	0
15	Nightlife Spot	2014-09-03	2
15	Nightlife Spot	2014-09-04	3
15	Nightlife Spot	2014-09-05	2
15	Nightlife Spot	2014-09-06	0
15	Nightlife Spot	2014-09-07	4
15	Outdoors & Recreation	2014-09-02	0
15	Outdoors & Recreation	2014-09-03	0
15	Outdoors & Recreation	2014-09-04	3
15	Outdoors & Recreation	2014-09-05	2
15	Outdoors & Recreation	2014-09-06	5
15	Outdoors & Recreation	2014-09-07	1
15	Professional & Other Places	2014-09-02	3
15	Professional & Other Places	2014-09-03	8
15	Professional & Other Places	2014-09-04	8
15	Professional & Other Places	2014-09-05	8
15	Professional & Other Places	2014-09-06	8
15	Professional & Other Places	2014-09-07	1
15	Residence	2014-09-02	0
15	Residence	2014-09-03	0
15	Residence	2014-09-04	0
15	Residence	2014-09-05	0
15	Residence	2014-09-06	0
15	Residence	2014-09-07	1
15	Shop & Service	2014-09-02	1
15	Shop & Service	2014-09-03	5
15	Shop & Service	2014-09-04	6
15	Shop & Service	2014-09-05	5
15	Shop & Service	2014-09-06	12
15	Shop & Service	2014-09-07	9
15	Travel & Transport	2014-09-02	2
15	Travel & Transport	2014-09-03	3
15	Travel & Transport	2014-09-04	0
15	Travel & Transport	2014-09-05	1
15	Travel & Transport	2014-09-06	2
15	Travel & Transport	2014-09-07	0
16	Arts & Entertainment	2014-09-02	0
16	Arts & Entertainment	2014-09-03	0
16	Arts & Entertainment	2014-09-04	1
16	Arts & Entertainment	2014-09-05	0
16	Arts & Entertainment	2014-09-06	0
16	Arts & Entertainment	2014-09-07	0
16	Food	2014-09-02	0
16	Food	2014-09-03	3
16	Food	2014-09-04	5
16	Food	2014-09-05	2
16	Food	2014-09-06	5
16	Food	2014-09-07	5
16	Nightlife Spot	2014-09-02	0
16	Nightlife Spot	2014-09-03	1
16	Nightlife Spot	2014-09-04	0
16	Nightlife Spot	2014-09-05	0
16	Nightlife Spot	2014-09-06	0
16	Nightlife Spot	2014-09-07	1
16	Outdoors & Recreation	2014-09-02	1
16	Outdoors & Recreation	2014-09-03	3
16	Outdoors & Recreation	2014-09-04	2
16	Outdoors & Recreation	2014-09-05	2
16	Outdoors & Recreation	2014-09-06	3
16	Outdoors & Recreation	2014-09-07	3
16	Professional & Other Places	2014-09-02	0
16	Professional & Other Places	2014-09-03	6
16	Professional & Other Places	2014-09-04	10
16	Professional & Other Places	2014-09-05	6
16	Professional & Other Places	2014-09-06	3
16	Professional & Other Places	2014-09-07	8
16	Shop & Service	2014-09-02	0
16	Shop & Service	2014-09-03	0
16	Shop & Service	2014-09-04	1
16	Shop & Service	2014-09-05	2
16	Shop & Service	2014-09-06	3
16	Shop & Service	2014-09-07	4
16	Travel & Transport	2014-09-02	1
16	Travel & Transport	2014-09-03	5
16	Travel & Transport	2014-09-04	7
16	Travel & Transport	2014-09-05	5
16	Travel & Transport	2014-09-06	7
16	Travel & Transport	2014-09-07	1
17	Food	2014-09-02	0
17	Food	2014-09-03	0
17	Food	2014-09-04	0
17	Food	2014-09-05	0
17	Food	2014-09-06	1
17	Food	2014-09-07	0
17	Outdoors & Recreation	2014-09-02	0
17	Outdoors & Recreation	2014-09-03	0
17	Outdoors & Recreation	2014-09-04	1
17	Outdoors & Recreation	2014-09-05	0
17	Outdoors & Recreation	2014-09-06	0
17	Outdoors & Recreation	2014-09-07	2
17	Professional & Other Places	2014-09-02	0
17	Professional & Other Places	2014-09-03	1
17	Professional & Other Places	2014-09-04	0
17	Professional & Other Places	2014-09-05	0
17	Professional & Other Places	2014-09-06	0
17	Professional & Other Places	2014-09-07	0
17	Shop & Service	2014-09-02	0
17	Shop & Service	2014-09-03	2
17	Shop & Service	2014-09-04	0
17	Shop & Service	2014-09-05	1
17	Shop & Service	2014-09-06	0
17	Shop & Service	2014-09-07	2
18	College & University	2014-09-02	0
18	College & University	2014-09-03	0
18	College & University	2014-09-04	1
18	College & University	2014-09-05	0
18	College & University	2014-09-06	0
18	College & University	2014-09-07	0
18	Food	2014-09-02	0
18	Food	2014-09-03	3
18	Food	2014-09-04	2
18	Food	2014-09-05	5
18	Food	2014-09-06	4
18	Food	2014-09-07	2
18	Nightlife Spot	2014-09-02	0
18	Nightlife Spot	2014-09-03	1
18	Nightlife Spot	2014-09-04	0
18	Nightlife Spot	2014-09-05	1
18	Nightlife Spot	2014-09-06	0
18	Nightlife Spot	2014-09-07	0
18	Outdoors & Recreation	2014-09-02	1
18	Outdoors & Recreation	2014-09-03	1
18	Outdoors & Recreation	2014-09-04	1
18	Outdoors & Recreation	2014-09-05	2
18	Outdoors & Recreation	2014-09-06	4
18	Outdoors & Recreation	2014-09-07	2
18	Professional & Other Places	2014-09-02	1
18	Professional & Other Places	2014-09-03	8
18	Professional & Other Places	2014-09-04	8
18	Professional & Other Places	2014-09-05	10
18	Professional & Other Places	2014-09-06	7
18	Professional & Other Places	2014-09-07	0
18	Shop & Service	2014-09-02	8
18	Shop & Service	2014-09-03	1
18	Shop & Service	2014-09-04	2
18	Shop & Service	2014-09-05	9
18	Shop & Service	2014-09-06	3
18	Shop & Service	2014-09-07	3
18	Travel & Transport	2014-09-02	0
18	Travel & Transport	2014-09-03	4
18	Travel & Transport	2014-09-04	2
18	Travel & Transport	2014-09-05	8
18	Travel & Transport	2014-09-06	3
18	Travel & Transport	2014-09-07	2
19	College & University	2014-09-02	0
19	College & University	2014-09-03	2
19	College & University	2014-09-04	0
19	College & University	2014-09-05	2
19	College & University	2014-09-06	0
19	College & University	2014-09-07	1
19	Food	2014-09-02	2
19	Food	2014-09-03	8
19	Food	2014-09-04	9
19	Food	2014-09-05	4
19	Food	2014-09-06	4
19	Food	2014-09-07	1
19	Nightlife Spot	2014-09-02	0
19	Nightlife Spot	2014-09-03	0
19	Nightlife Spot	2014-09-04	1
19	Nightlife Spot	2014-09-05	0
19	Nightlife Spot	2014-09-06	1
19	Nightlife Spot	2014-09-07	0
19	Outdoors & Recreation	2014-09-02	0
19	Outdoors & Recreation	2014-09-03	3
19	Outdoors & Recreation	2014-09-04	3
19	Outdoors & Recreation	2014-09-05	1
19	Outdoors & Recreation	2014-09-06	2
19	Outdoors & Recreation	2014-09-07	0
19	Professional & Other Places	2014-09-02	2
19	Professional & Other Places	2014-09-03	4
19	Professional & Other Places	2014-09-04	6
19	Professional & Other Places	2014-09-05	5
19	Professional & Other Places	2014-09-06	2
19	Professional & Other Places	2014-09-07	2
19	Shop & Service	2014-09-02	2
19	Shop & Service	2014-09-03	1
19	Shop & Service	2014-09-04	0
19	Shop & Service	2014-09-05	2
19	Shop & Service	2014-09-06	2
19	Shop & Service	2014-09-07	2
19	Travel & Transport	2014-09-02	2
19	Travel & Transport	2014-09-03	8
19	Travel & Transport	2014-09-04	9
19	Travel & Transport	2014-09-05	9
19	Travel & Transport	2014-09-06	4
19	Travel & Transport	2014-09-07	2
2	Arts & Entertainment	2014-09-02	2
2	Arts & Entertainment	2014-09-03	5
2	Arts & Entertainment	2014-09-04	4
2	Arts & Entertainment	2014-09-05	33
2	Arts & Entertainment	2014-09-06	38
2	Arts & Entertainment	2014-09-07	26
2	College & University	2014-09-02	0
2	College & University	2014-09-03	0
2	College & University	2014-09-04	0
2	College & University	2014-09-05	1
2	College & University	2014-09-06	0
2	College & University	2014-09-07	1
2	Food	2014-09-02	50
2	Food	2014-09-03	76
2	Food	2014-09-04	44
2	Food	2014-09-05	57
2	Food	2014-09-06	100
2	Food	2014-09-07	83
2	Nightlife Spot	2014-09-02	11
2	Nightlife Spot	2014-09-03	18
2	Nightlife Spot	2014-09-04	14
2	Nightlife Spot	2014-09-05	14
2	Nightlife Spot	2014-09-06	21
2	Nightlife Spot	2014-09-07	37
2	Outdoors & Recreation	2014-09-02	11
2	Outdoors & Recreation	2014-09-03	17
2	Outdoors & Recreation	2014-09-04	14
2	Outdoors & Recreation	2014-09-05	23
2	Outdoors & Recreation	2014-09-06	13
2	Outdoors & Recreation	2014-09-07	20
2	Professional & Other Places	2014-09-02	5
2	Professional & Other Places	2014-09-03	19
2	Professional & Other Places	2014-09-04	17
2	Professional & Other Places	2014-09-05	18
2	Professional & Other Places	2014-09-06	28
2	Professional & Other Places	2014-09-07	3
2	Shop & Service	2014-09-02	3
2	Shop & Service	2014-09-03	11
2	Shop & Service	2014-09-04	9
2	Shop & Service	2014-09-05	17
2	Shop & Service	2014-09-06	6
2	Shop & Service	2014-09-07	11
2	Travel & Transport	2014-09-02	11
2	Travel & Transport	2014-09-03	20
2	Travel & Transport	2014-09-04	16
2	Travel & Transport	2014-09-05	24
2	Travel & Transport	2014-09-06	25
2	Travel & Transport	2014-09-07	27
20	Arts & Entertainment	2014-09-02	0
20	Arts & Entertainment	2014-09-03	0
20	Arts & Entertainment	2014-09-04	0
20	Arts & Entertainment	2014-09-05	1
20	Arts & Entertainment	2014-09-06	0
20	Arts & Entertainment	2014-09-07	1
20	Food	2014-09-02	4
20	Food	2014-09-03	2
20	Food	2014-09-04	0
20	Food	2014-09-05	14
20	Food	2014-09-06	20
20	Food	2014-09-07	17
20	Nightlife Spot	2014-09-02	0
20	Nightlife Spot	2014-09-03	1
20	Nightlife Spot	2014-09-04	1
20	Nightlife Spot	2014-09-05	3
20	Nightlife Spot	2014-09-06	6
20	Nightlife Spot	2014-09-07	6
20	Outdoors & Recreation	2014-09-02	2
20	Outdoors & Recreation	2014-09-03	3
20	Outdoors & Recreation	2014-09-04	3
20	Outdoors & Recreation	2014-09-05	7
20	Outdoors & Recreation	2014-09-06	2
20	Outdoors & Recreation	2014-09-07	3
20	Professional & Other Places	2014-09-02	0
20	Professional & Other Places	2014-09-03	4
20	Professional & Other Places	2014-09-04	2
20	Professional & Other Places	2014-09-05	3
20	Professional & Other Places	2014-09-06	10
20	Professional & Other Places	2014-09-07	0
20	Shop & Service	2014-09-02	1
20	Shop & Service	2014-09-03	7
20	Shop & Service	2014-09-04	7
20	Shop & Service	2014-09-05	5
20	Shop & Service	2014-09-06	6
20	Shop & Service	2014-09-07	0
20	Travel & Transport	2014-09-02	3
20	Travel & Transport	2014-09-03	22
20	Travel & Transport	2014-09-04	11
20	Travel & Transport	2014-09-05	22
20	Travel & Transport	2014-09-06	20
20	Travel & Transport	2014-09-07	7
21	Arts & Entertainment	2014-09-02	3
21	Arts & Entertainment	2014-09-03	3
21	Arts & Entertainment	2014-09-04	1
21	Arts & Entertainment	2014-09-05	1
21	Arts & Entertainment	2014-09-06	8
21	Arts & Entertainment	2014-09-07	4
21	College & University	2014-09-02	0
21	College & University	2014-09-03	2
21	College & University	2014-09-04	1
21	College & University	2014-09-05	2
21	College & University	2014-09-06	0
21	College & University	2014-09-07	0
21	Food	2014-09-02	32
21	Food	2014-09-03	64
21	Food	2014-09-04	57
21	Food	2014-09-05	59
21	Food	2014-09-06	58
21	Food	2014-09-07	97
21	Nightlife Spot	2014-09-02	2
21	Nightlife Spot	2014-09-03	19
21	Nightlife Spot	2014-09-04	6
21	Nightlife Spot	2014-09-05	16
21	Nightlife Spot	2014-09-06	21
21	Nightlife Spot	2014-09-07	28
21	Outdoors & Recreation	2014-09-02	4
21	Outdoors & Recreation	2014-09-03	12
21	Outdoors & Recreation	2014-09-04	7
21	Outdoors & Recreation	2014-09-05	11
21	Outdoors & Recreation	2014-09-06	8
21	Outdoors & Recreation	2014-09-07	11
21	Professional & Other Places	2014-09-02	0
21	Professional & Other Places	2014-09-03	14
21	Professional & Other Places	2014-09-04	7
21	Professional & Other Places	2014-09-05	12
21	Professional & Other Places	2014-09-06	9
21	Professional & Other Places	2014-09-07	2
21	Shop & Service	2014-09-02	7
21	Shop & Service	2014-09-03	18
21	Shop & Service	2014-09-04	13
21	Shop & Service	2014-09-05	10
21	Shop & Service	2014-09-06	17
21	Shop & Service	2014-09-07	19
21	Travel & Transport	2014-09-02	15
21	Travel & Transport	2014-09-03	13
21	Travel & Transport	2014-09-04	18
21	Travel & Transport	2014-09-05	19
21	Travel & Transport	2014-09-06	27
21	Travel & Transport	2014-09-07	27
22	Arts & Entertainment	2014-09-02	1
22	Arts & Entertainment	2014-09-03	1
22	Arts & Entertainment	2014-09-04	0
22	Arts & Entertainment	2014-09-05	0
22	Arts & Entertainment	2014-09-06	0
22	Arts & Entertainment	2014-09-07	2
22	College & University	2014-09-02	2
22	College & University	2014-09-03	14
22	College & University	2014-09-04	9
22	College & University	2014-09-05	9
22	College & University	2014-09-06	6
22	College & University	2014-09-07	0
22	Food	2014-09-02	5
22	Food	2014-09-03	15
22	Food	2014-09-04	6
22	Food	2014-09-05	13
22	Food	2014-09-06	7
22	Food	2014-09-07	10
22	Nightlife Spot	2014-09-02	4
22	Nightlife Spot	2014-09-03	9
22	Nightlife Spot	2014-09-04	4
22	Nightlife Spot	2014-09-05	13
22	Nightlife Spot	2014-09-06	8
22	Nightlife Spot	2014-09-07	7
22	Outdoors & Recreation	2014-09-02	1
22	Outdoors & Recreation	2014-09-03	7
22	Outdoors & Recreation	2014-09-04	11
22	Outdoors & Recreation	2014-09-05	1
22	Outdoors & Recreation	2014-09-06	2
22	Outdoors & Recreation	2014-09-07	13
22	Professional & Other Places	2014-09-02	1
22	Professional & Other Places	2014-09-03	2
22	Professional & Other Places	2014-09-04	5
22	Professional & Other Places	2014-09-05	4
22	Professional & Other Places	2014-09-06	4
22	Professional & Other Places	2014-09-07	1
22	Shop & Service	2014-09-02	1
22	Shop & Service	2014-09-03	3
22	Shop & Service	2014-09-04	4
22	Shop & Service	2014-09-05	2
22	Shop & Service	2014-09-06	3
22	Shop & Service	2014-09-07	3
22	Travel & Transport	2014-09-02	2
22	Travel & Transport	2014-09-03	4
22	Travel & Transport	2014-09-04	3
22	Travel & Transport	2014-09-05	2
22	Travel & Transport	2014-09-06	7
22	Travel & Transport	2014-09-07	1
23	Arts & Entertainment	2014-09-02	0
23	Arts & Entertainment	2014-09-03	0
23	Arts & Entertainment	2014-09-04	15
23	Arts & Entertainment	2014-09-05	17
23	Arts & Entertainment	2014-09-06	5
23	Arts & Entertainment	2014-09-07	4
23	College & University	2014-09-02	0
23	College & University	2014-09-03	1
23	College & University	2014-09-04	1
23	College & University	2014-09-05	1
23	College & University	2014-09-06	0
23	College & University	2014-09-07	2
23	Food	2014-09-02	1
23	Food	2014-09-03	6
23	Food	2014-09-04	6
23	Food	2014-09-05	8
23	Food	2014-09-06	5
23	Food	2014-09-07	3
23	Nightlife Spot	2014-09-02	0
23	Nightlife Spot	2014-09-03	0
23	Nightlife Spot	2014-09-04	4
23	Nightlife Spot	2014-09-05	2
23	Nightlife Spot	2014-09-06	0
23	Nightlife Spot	2014-09-07	0
23	Outdoors & Recreation	2014-09-02	2
23	Outdoors & Recreation	2014-09-03	0
23	Outdoors & Recreation	2014-09-04	0
23	Outdoors & Recreation	2014-09-05	0
23	Outdoors & Recreation	2014-09-06	3
23	Outdoors & Recreation	2014-09-07	2
23	Professional & Other Places	2014-09-02	3
23	Professional & Other Places	2014-09-03	4
23	Professional & Other Places	2014-09-04	6
23	Professional & Other Places	2014-09-05	5
23	Professional & Other Places	2014-09-06	5
23	Professional & Other Places	2014-09-07	1
23	Shop & Service	2014-09-02	4
23	Shop & Service	2014-09-03	6
23	Shop & Service	2014-09-04	11
23	Shop & Service	2014-09-05	5
23	Shop & Service	2014-09-06	4
23	Shop & Service	2014-09-07	13
23	Travel & Transport	2014-09-02	1
23	Travel & Transport	2014-09-03	6
23	Travel & Transport	2014-09-04	5
23	Travel & Transport	2014-09-05	7
23	Travel & Transport	2014-09-06	6
23	Travel & Transport	2014-09-07	0
24	Arts & Entertainment	2014-09-02	1
24	Arts & Entertainment	2014-09-03	0
24	Arts & Entertainment	2014-09-04	1
24	Arts & Entertainment	2014-09-05	0
24	Arts & Entertainment	2014-09-06	0
24	Arts & Entertainment	2014-09-07	0
24	Food	2014-09-02	0
24	Food	2014-09-03	3
24	Food	2014-09-04	1
24	Food	2014-09-05	1
24	Food	2014-09-06	2
24	Food	2014-09-07	0
24	Nightlife Spot	2014-09-02	0
24	Nightlife Spot	2014-09-03	0
24	Nightlife Spot	2014-09-04	0
24	Nightlife Spot	2014-09-05	2
24	Nightlife Spot	2014-09-06	0
24	Nightlife Spot	2014-09-07	8
24	Outdoors & Recreation	2014-09-02	1
24	Outdoors & Recreation	2014-09-03	1
24	Outdoors & Recreation	2014-09-04	0
24	Outdoors & Recreation	2014-09-05	0
24	Outdoors & Recreation	2014-09-06	0
24	Outdoors & Recreation	2014-09-07	6
24	Professional & Other Places	2014-09-02	0
24	Professional & Other Places	2014-09-03	2
24	Professional & Other Places	2014-09-04	2
24	Professional & Other Places	2014-09-05	3
24	Professional & Other Places	2014-09-06	3
24	Professional & Other Places	2014-09-07	0
24	Shop & Service	2014-09-02	0
24	Shop & Service	2014-09-03	1
24	Shop & Service	2014-09-04	0
24	Shop & Service	2014-09-05	0
24	Shop & Service	2014-09-06	0
24	Shop & Service	2014-09-07	0
25	Arts & Entertainment	2014-09-02	0
25	Arts & Entertainment	2014-09-03	0
25	Arts & Entertainment	2014-09-04	0
25	Arts & Entertainment	2014-09-05	0
25	Arts & Entertainment	2014-09-06	0
25	Arts & Entertainment	2014-09-07	1
25	Food	2014-09-02	2
25	Food	2014-09-03	7
25	Food	2014-09-04	2
25	Food	2014-09-05	4
25	Food	2014-09-06	3
25	Food	2014-09-07	4
25	Nightlife Spot	2014-09-02	0
25	Nightlife Spot	2014-09-03	0
25	Nightlife Spot	2014-09-04	0
25	Nightlife Spot	2014-09-05	0
25	Nightlife Spot	2014-09-06	1
25	Nightlife Spot	2014-09-07	0
25	Outdoors & Recreation	2014-09-02	0
25	Outdoors & Recreation	2014-09-03	1
25	Outdoors & Recreation	2014-09-04	0
25	Outdoors & Recreation	2014-09-05	0
25	Outdoors & Recreation	2014-09-06	1
25	Outdoors & Recreation	2014-09-07	1
25	Professional & Other Places	2014-09-02	1
25	Professional & Other Places	2014-09-03	2
25	Professional & Other Places	2014-09-04	1
25	Professional & Other Places	2014-09-05	1
25	Professional & Other Places	2014-09-06	3
25	Professional & Other Places	2014-09-07	2
25	Shop & Service	2014-09-02	2
25	Shop & Service	2014-09-03	1
25	Shop & Service	2014-09-04	1
25	Shop & Service	2014-09-05	2
25	Shop & Service	2014-09-06	2
25	Shop & Service	2014-09-07	2
25	Travel & Transport	2014-09-02	1
25	Travel & Transport	2014-09-03	2
25	Travel & Transport	2014-09-04	1
25	Travel & Transport	2014-09-05	0
25	Travel & Transport	2014-09-06	0
25	Travel & Transport	2014-09-07	0
26	Arts & Entertainment	2014-09-02	0
26	Arts & Entertainment	2014-09-03	0
26	Arts & Entertainment	2014-09-04	0
26	Arts & Entertainment	2014-09-05	1
26	Arts & Entertainment	2014-09-06	0
26	Arts & Entertainment	2014-09-07	2
26	College & University	2014-09-02	0
26	College & University	2014-09-03	1
26	College & University	2014-09-04	1
26	College & University	2014-09-05	2
26	College & University	2014-09-06	0
26	College & University	2014-09-07	0
26	Food	2014-09-02	15
26	Food	2014-09-03	14
26	Food	2014-09-04	18
26	Food	2014-09-05	22
26	Food	2014-09-06	14
26	Food	2014-09-07	16
26	Nightlife Spot	2014-09-02	2
26	Nightlife Spot	2014-09-03	2
26	Nightlife Spot	2014-09-04	1
26	Nightlife Spot	2014-09-05	3
26	Nightlife Spot	2014-09-06	5
26	Nightlife Spot	2014-09-07	7
26	Outdoors & Recreation	2014-09-02	4
26	Outdoors & Recreation	2014-09-03	5
26	Outdoors & Recreation	2014-09-04	5
26	Outdoors & Recreation	2014-09-05	4
26	Outdoors & Recreation	2014-09-06	2
26	Outdoors & Recreation	2014-09-07	6
26	Professional & Other Places	2014-09-02	5
26	Professional & Other Places	2014-09-03	11
26	Professional & Other Places	2014-09-04	2
26	Professional & Other Places	2014-09-05	4
26	Professional & Other Places	2014-09-06	4
26	Professional & Other Places	2014-09-07	1
26	Residence	2014-09-02	0
26	Residence	2014-09-03	1
26	Residence	2014-09-04	0
26	Residence	2014-09-05	0
26	Residence	2014-09-06	0
26	Residence	2014-09-07	0
26	Shop & Service	2014-09-02	4
26	Shop & Service	2014-09-03	6
26	Shop & Service	2014-09-04	4
26	Shop & Service	2014-09-05	9
26	Shop & Service	2014-09-06	4
26	Shop & Service	2014-09-07	6
26	Travel & Transport	2014-09-02	38
26	Travel & Transport	2014-09-03	38
26	Travel & Transport	2014-09-04	69
26	Travel & Transport	2014-09-05	65
26	Travel & Transport	2014-09-06	68
26	Travel & Transport	2014-09-07	34
27	Arts & Entertainment	2014-09-02	1
27	Arts & Entertainment	2014-09-03	1
27	Arts & Entertainment	2014-09-04	1
27	Arts & Entertainment	2014-09-05	1
27	Arts & Entertainment	2014-09-06	1
27	Arts & Entertainment	2014-09-07	0
27	Food	2014-09-02	18
27	Food	2014-09-03	16
27	Food	2014-09-04	20
27	Food	2014-09-05	13
27	Food	2014-09-06	14
27	Food	2014-09-07	19
27	Nightlife Spot	2014-09-02	2
27	Nightlife Spot	2014-09-03	3
27	Nightlife Spot	2014-09-04	9
27	Nightlife Spot	2014-09-05	4
27	Nightlife Spot	2014-09-06	7
27	Nightlife Spot	2014-09-07	1
27	Outdoors & Recreation	2014-09-02	0
27	Outdoors & Recreation	2014-09-03	1
27	Outdoors & Recreation	2014-09-04	1
27	Outdoors & Recreation	2014-09-05	1
27	Outdoors & Recreation	2014-09-06	0
27	Outdoors & Recreation	2014-09-07	2
27	Professional & Other Places	2014-09-02	1
27	Professional & Other Places	2014-09-03	5
27	Professional & Other Places	2014-09-04	4
27	Professional & Other Places	2014-09-05	4
27	Professional & Other Places	2014-09-06	6
27	Professional & Other Places	2014-09-07	7
27	Shop & Service	2014-09-02	3
27	Shop & Service	2014-09-03	6
27	Shop & Service	2014-09-04	12
27	Shop & Service	2014-09-05	10
27	Shop & Service	2014-09-06	9
27	Shop & Service	2014-09-07	14
27	Travel & Transport	2014-09-02	1
27	Travel & Transport	2014-09-03	0
27	Travel & Transport	2014-09-04	2
27	Travel & Transport	2014-09-05	5
27	Travel & Transport	2014-09-06	2
27	Travel & Transport	2014-09-07	6
28	Arts & Entertainment	2014-09-02	0
28	Arts & Entertainment	2014-09-03	0
28	Arts & Entertainment	2014-09-04	1
28	Arts & Entertainment	2014-09-05	2
28	Arts & Entertainment	2014-09-06	0
28	Arts & Entertainment	2014-09-07	0
28	Food	2014-09-02	2
28	Food	2014-09-03	6
28	Food	2014-09-04	11
28	Food	2014-09-05	4
28	Food	2014-09-06	7
28	Food	2014-09-07	8
28	Nightlife Spot	2014-09-02	1
28	Nightlife Spot	2014-09-03	1
28	Nightlife Spot	2014-09-04	0
28	Nightlife Spot	2014-09-05	0
28	Nightlife Spot	2014-09-06	0
28	Nightlife Spot	2014-09-07	0
28	Outdoors & Recreation	2014-09-02	2
28	Outdoors & Recreation	2014-09-03	2
28	Outdoors & Recreation	2014-09-04	2
28	Outdoors & Recreation	2014-09-05	1
28	Outdoors & Recreation	2014-09-06	4
28	Outdoors & Recreation	2014-09-07	0
28	Professional & Other Places	2014-09-02	1
28	Professional & Other Places	2014-09-03	1
28	Professional & Other Places	2014-09-04	0
28	Professional & Other Places	2014-09-05	0
28	Professional & Other Places	2014-09-06	3
28	Professional & Other Places	2014-09-07	0
28	Shop & Service	2014-09-02	0
28	Shop & Service	2014-09-03	1
28	Shop & Service	2014-09-04	4
28	Shop & Service	2014-09-05	0
28	Shop & Service	2014-09-06	4
28	Shop & Service	2014-09-07	1
28	Travel & Transport	2014-09-02	1
28	Travel & Transport	2014-09-03	3
28	Travel & Transport	2014-09-04	5
28	Travel & Transport	2014-09-05	3
28	Travel & Transport	2014-09-06	3
28	Travel & Transport	2014-09-07	0
29	Arts & Entertainment	2014-09-02	0
29	Arts & Entertainment	2014-09-03	0
29	Arts & Entertainment	2014-09-04	1
29	Arts & Entertainment	2014-09-05	0
29	Arts & Entertainment	2014-09-06	0
29	Arts & Entertainment	2014-09-07	0
29	Food	2014-09-02	1
29	Food	2014-09-03	0
29	Food	2014-09-04	0
29	Food	2014-09-05	1
29	Food	2014-09-06	0
29	Food	2014-09-07	0
29	Outdoors & Recreation	2014-09-02	0
29	Outdoors & Recreation	2014-09-03	0
29	Outdoors & Recreation	2014-09-04	0
29	Outdoors & Recreation	2014-09-05	0
29	Outdoors & Recreation	2014-09-06	0
29	Outdoors & Recreation	2014-09-07	1
3	Arts & Entertainment	2014-09-02	0
3	Arts & Entertainment	2014-09-03	2
3	Arts & Entertainment	2014-09-04	7
3	Arts & Entertainment	2014-09-05	2
3	Arts & Entertainment	2014-09-06	2
3	Arts & Entertainment	2014-09-07	2
3	Food	2014-09-02	0
3	Food	2014-09-03	1
3	Food	2014-09-04	0
3	Food	2014-09-05	1
3	Food	2014-09-06	0
3	Food	2014-09-07	2
3	Nightlife Spot	2014-09-02	0
3	Nightlife Spot	2014-09-03	2
3	Nightlife Spot	2014-09-04	0
3	Nightlife Spot	2014-09-05	1
3	Nightlife Spot	2014-09-06	0
3	Nightlife Spot	2014-09-07	3
3	Outdoors & Recreation	2014-09-02	2
3	Outdoors & Recreation	2014-09-03	6
3	Outdoors & Recreation	2014-09-04	4
3	Outdoors & Recreation	2014-09-05	4
3	Outdoors & Recreation	2014-09-06	3
3	Outdoors & Recreation	2014-09-07	6
3	Professional & Other Places	2014-09-02	0
3	Professional & Other Places	2014-09-03	1
3	Professional & Other Places	2014-09-04	0
3	Professional & Other Places	2014-09-05	0
3	Professional & Other Places	2014-09-06	0
3	Professional & Other Places	2014-09-07	0
3	Travel & Transport	2014-09-02	0
3	Travel & Transport	2014-09-03	0
3	Travel & Transport	2014-09-04	0
3	Travel & Transport	2014-09-05	1
3	Travel & Transport	2014-09-06	1
3	Travel & Transport	2014-09-07	0
30	Arts & Entertainment	2014-09-02	0
30	Arts & Entertainment	2014-09-03	0
30	Arts & Entertainment	2014-09-04	0
30	Arts & Entertainment	2014-09-05	0
30	Arts & Entertainment	2014-09-06	0
30	Arts & Entertainment	2014-09-07	2
30	Food	2014-09-02	1
30	Food	2014-09-03	0
30	Food	2014-09-04	0
30	Food	2014-09-05	0
30	Food	2014-09-06	1
30	Food	2014-09-07	0
30	Professional & Other Places	2014-09-02	1
30	Professional & Other Places	2014-09-03	2
30	Professional & Other Places	2014-09-04	2
30	Professional & Other Places	2014-09-05	9
30	Professional & Other Places	2014-09-06	1
30	Professional & Other Places	2014-09-07	2
30	Shop & Service	2014-09-02	0
30	Shop & Service	2014-09-03	1
30	Shop & Service	2014-09-04	0
30	Shop & Service	2014-09-05	0
30	Shop & Service	2014-09-06	0
30	Shop & Service	2014-09-07	1
30	Travel & Transport	2014-09-02	0
30	Travel & Transport	2014-09-03	0
30	Travel & Transport	2014-09-04	0
30	Travel & Transport	2014-09-05	2
30	Travel & Transport	2014-09-06	1
30	Travel & Transport	2014-09-07	0
31	Food	2014-09-02	0
31	Food	2014-09-03	0
31	Food	2014-09-04	0
31	Food	2014-09-05	0
31	Food	2014-09-06	1
31	Food	2014-09-07	0
31	Travel & Transport	2014-09-02	39
31	Travel & Transport	2014-09-03	38
31	Travel & Transport	2014-09-04	70
31	Travel & Transport	2014-09-05	63
31	Travel & Transport	2014-09-06	53
31	Travel & Transport	2014-09-07	46
32	Food	2014-09-02	0
32	Food	2014-09-03	0
32	Food	2014-09-04	0
32	Food	2014-09-05	0
32	Food	2014-09-06	1
32	Food	2014-09-07	0
32	Professional & Other Places	2014-09-02	3
32	Professional & Other Places	2014-09-03	2
32	Professional & Other Places	2014-09-04	5
32	Professional & Other Places	2014-09-05	4
32	Professional & Other Places	2014-09-06	4
32	Professional & Other Places	2014-09-07	0
32	Travel & Transport	2014-09-02	4
32	Travel & Transport	2014-09-03	3
32	Travel & Transport	2014-09-04	6
32	Travel & Transport	2014-09-05	9
32	Travel & Transport	2014-09-06	7
32	Travel & Transport	2014-09-07	0
33	Food	2014-09-02	0
33	Food	2014-09-03	1
33	Food	2014-09-04	0
33	Food	2014-09-05	0
33	Food	2014-09-06	1
33	Food	2014-09-07	1
33	Nightlife Spot	2014-09-02	0
33	Nightlife Spot	2014-09-03	0
33	Nightlife Spot	2014-09-04	0
33	Nightlife Spot	2014-09-05	1
33	Nightlife Spot	2014-09-06	1
33	Nightlife Spot	2014-09-07	1
33	Outdoors & Recreation	2014-09-02	0
33	Outdoors & Recreation	2014-09-03	0
33	Outdoors & Recreation	2014-09-04	1
33	Outdoors & Recreation	2014-09-05	0
33	Outdoors & Recreation	2014-09-06	0
33	Outdoors & Recreation	2014-09-07	0
33	Professional & Other Places	2014-09-02	0
33	Professional & Other Places	2014-09-03	7
33	Professional & Other Places	2014-09-04	3
33	Professional & Other Places	2014-09-05	3
33	Professional & Other Places	2014-09-06	3
33	Professional & Other Places	2014-09-07	1
35	Arts & Entertainment	2014-09-02	0
35	Arts & Entertainment	2014-09-03	0
35	Arts & Entertainment	2014-09-04	0
35	Arts & Entertainment	2014-09-05	0
35	Arts & Entertainment	2014-09-06	1
35	Arts & Entertainment	2014-09-07	0
35	College & University	2014-09-02	0
35	College & University	2014-09-03	0
35	College & University	2014-09-04	0
35	College & University	2014-09-05	0
35	College & University	2014-09-06	0
35	College & University	2014-09-07	1
35	Food	2014-09-02	5
35	Food	2014-09-03	2
35	Food	2014-09-04	5
35	Food	2014-09-05	1
35	Food	2014-09-06	7
35	Food	2014-09-07	4
35	Outdoors & Recreation	2014-09-02	0
35	Outdoors & Recreation	2014-09-03	0
35	Outdoors & Recreation	2014-09-04	3
35	Outdoors & Recreation	2014-09-05	0
35	Outdoors & Recreation	2014-09-06	1
35	Outdoors & Recreation	2014-09-07	3
35	Professional & Other Places	2014-09-02	1
35	Professional & Other Places	2014-09-03	5
35	Professional & Other Places	2014-09-04	4
35	Professional & Other Places	2014-09-05	2
35	Professional & Other Places	2014-09-06	3
35	Professional & Other Places	2014-09-07	0
35	Shop & Service	2014-09-02	4
35	Shop & Service	2014-09-03	5
35	Shop & Service	2014-09-04	5
35	Shop & Service	2014-09-05	3
35	Shop & Service	2014-09-06	2
35	Shop & Service	2014-09-07	7
35	Travel & Transport	2014-09-02	3
35	Travel & Transport	2014-09-03	8
35	Travel & Transport	2014-09-04	7
35	Travel & Transport	2014-09-05	14
35	Travel & Transport	2014-09-06	6
35	Travel & Transport	2014-09-07	14
36	Food	2014-09-02	0
36	Food	2014-09-03	0
36	Food	2014-09-04	0
36	Food	2014-09-05	2
36	Food	2014-09-06	0
36	Food	2014-09-07	10
36	Nightlife Spot	2014-09-02	0
36	Nightlife Spot	2014-09-03	0
36	Nightlife Spot	2014-09-04	0
36	Nightlife Spot	2014-09-05	0
36	Nightlife Spot	2014-09-06	1
36	Nightlife Spot	2014-09-07	0
36	Outdoors & Recreation	2014-09-02	0
36	Outdoors & Recreation	2014-09-03	0
36	Outdoors & Recreation	2014-09-04	0
36	Outdoors & Recreation	2014-09-05	0
36	Outdoors & Recreation	2014-09-06	0
36	Outdoors & Recreation	2014-09-07	1
36	Professional & Other Places	2014-09-02	1
36	Professional & Other Places	2014-09-03	2
36	Professional & Other Places	2014-09-04	3
36	Professional & Other Places	2014-09-05	3
36	Professional & Other Places	2014-09-06	2
36	Professional & Other Places	2014-09-07	0
36	Shop & Service	2014-09-02	1
36	Shop & Service	2014-09-03	1
36	Shop & Service	2014-09-04	1
36	Shop & Service	2014-09-05	1
36	Shop & Service	2014-09-06	1
36	Shop & Service	2014-09-07	1
36	Travel & Transport	2014-09-02	1
36	Travel & Transport	2014-09-03	0
36	Travel & Transport	2014-09-04	0
36	Travel & Transport	2014-09-05	0
36	Travel & Transport	2014-09-06	0
36	Travel & Transport	2014-09-07	0
37	Arts & Entertainment	2014-09-02	0
37	Arts & Entertainment	2014-09-03	0
37	Arts & Entertainment	2014-09-04	0
37	Arts & Entertainment	2014-09-05	0
37	Arts & Entertainment	2014-09-06	0
37	Arts & Entertainment	2014-09-07	1
37	College & University	2014-09-02	0
37	College & University	2014-09-03	0
37	College & University	2014-09-04	0
37	College & University	2014-09-05	0
37	College & University	2014-09-06	1
37	College & University	2014-09-07	0
37	Food	2014-09-02	6
37	Food	2014-09-03	4
37	Food	2014-09-04	4
37	Food	2014-09-05	6
37	Food	2014-09-06	1
37	Food	2014-09-07	1
37	Nightlife Spot	2014-09-02	0
37	Nightlife Spot	2014-09-03	0
37	Nightlife Spot	2014-09-04	0
37	Nightlife Spot	2014-09-05	1
37	Nightlife Spot	2014-09-06	0
37	Nightlife Spot	2014-09-07	0
37	Professional & Other Places	2014-09-02	2
37	Professional & Other Places	2014-09-03	8
37	Professional & Other Places	2014-09-04	8
37	Professional & Other Places	2014-09-05	12
37	Professional & Other Places	2014-09-06	7
37	Professional & Other Places	2014-09-07	1
37	Shop & Service	2014-09-02	0
37	Shop & Service	2014-09-03	0
37	Shop & Service	2014-09-04	-1
37	Shop & Service	2014-09-05	0
37	Shop & Service	2014-09-06	0
37	Shop & Service	2014-09-07	3
37	Travel & Transport	2014-09-02	1
37	Travel & Transport	2014-09-03	1
37	Travel & Transport	2014-09-04	2
37	Travel & Transport	2014-09-05	1
37	Travel & Transport	2014-09-06	0
37	Travel & Transport	2014-09-07	1
38	College & University	2014-09-02	1
38	College & University	2014-09-03	0
38	College & University	2014-09-04	0
38	College & University	2014-09-05	1
38	College & University	2014-09-06	0
38	College & University	2014-09-07	0
38	Food	2014-09-02	0
38	Food	2014-09-03	1
38	Food	2014-09-04	2
38	Food	2014-09-05	5
38	Food	2014-09-06	3
38	Food	2014-09-07	2
38	Nightlife Spot	2014-09-02	0
38	Nightlife Spot	2014-09-03	0
38	Nightlife Spot	2014-09-04	0
38	Nightlife Spot	2014-09-05	0
38	Nightlife Spot	2014-09-06	0
38	Nightlife Spot	2014-09-07	2
38	Outdoors & Recreation	2014-09-02	0
38	Outdoors & Recreation	2014-09-03	0
38	Outdoors & Recreation	2014-09-04	0
38	Outdoors & Recreation	2014-09-05	0
38	Outdoors & Recreation	2014-09-06	2
38	Outdoors & Recreation	2014-09-07	0
38	Professional & Other Places	2014-09-02	0
38	Professional & Other Places	2014-09-03	3
38	Professional & Other Places	2014-09-04	6
38	Professional & Other Places	2014-09-05	6
38	Professional & Other Places	2014-09-06	1
38	Professional & Other Places	2014-09-07	3
38	Shop & Service	2014-09-02	1
38	Shop & Service	2014-09-03	0
38	Shop & Service	2014-09-04	0
38	Shop & Service	2014-09-05	0
38	Shop & Service	2014-09-06	0
38	Shop & Service	2014-09-07	1
38	Travel & Transport	2014-09-02	2
38	Travel & Transport	2014-09-03	2
38	Travel & Transport	2014-09-04	1
38	Travel & Transport	2014-09-05	2
38	Travel & Transport	2014-09-06	0
38	Travel & Transport	2014-09-07	0
39	College & University	2014-09-02	0
39	College & University	2014-09-03	1
39	College & University	2014-09-04	0
39	College & University	2014-09-05	0
39	College & University	2014-09-06	0
39	College & University	2014-09-07	1
4	Arts & Entertainment	2014-09-02	0
4	Arts & Entertainment	2014-09-03	1
4	Arts & Entertainment	2014-09-04	1
4	Arts & Entertainment	2014-09-05	0
4	Arts & Entertainment	2014-09-06	3
4	Arts & Entertainment	2014-09-07	1
4	College & University	2014-09-02	0
4	College & University	2014-09-03	2
4	College & University	2014-09-04	0
4	College & University	2014-09-05	2
4	College & University	2014-09-06	0
4	College & University	2014-09-07	0
4	Food	2014-09-02	9
4	Food	2014-09-03	19
4	Food	2014-09-04	10
4	Food	2014-09-05	17
4	Food	2014-09-06	29
4	Food	2014-09-07	18
4	Nightlife Spot	2014-09-02	6
4	Nightlife Spot	2014-09-03	9
4	Nightlife Spot	2014-09-04	7
4	Nightlife Spot	2014-09-05	6
4	Nightlife Spot	2014-09-06	9
4	Nightlife Spot	2014-09-07	12
4	Outdoors & Recreation	2014-09-02	6
4	Outdoors & Recreation	2014-09-03	1
4	Outdoors & Recreation	2014-09-04	2
4	Outdoors & Recreation	2014-09-05	4
4	Outdoors & Recreation	2014-09-06	6
4	Outdoors & Recreation	2014-09-07	8
4	Professional & Other Places	2014-09-02	4
4	Professional & Other Places	2014-09-03	19
4	Professional & Other Places	2014-09-04	4
4	Professional & Other Places	2014-09-05	11
4	Professional & Other Places	2014-09-06	13
4	Professional & Other Places	2014-09-07	2
4	Shop & Service	2014-09-02	7
4	Shop & Service	2014-09-03	10
4	Shop & Service	2014-09-04	8
4	Shop & Service	2014-09-05	10
4	Shop & Service	2014-09-06	10
4	Shop & Service	2014-09-07	8
4	Travel & Transport	2014-09-02	0
4	Travel & Transport	2014-09-03	5
4	Travel & Transport	2014-09-04	3
4	Travel & Transport	2014-09-05	2
4	Travel & Transport	2014-09-06	6
4	Travel & Transport	2014-09-07	1
41	Arts & Entertainment	2014-09-02	0
41	Arts & Entertainment	2014-09-03	0
41	Arts & Entertainment	2014-09-04	0
41	Arts & Entertainment	2014-09-05	0
41	Arts & Entertainment	2014-09-06	1
41	Arts & Entertainment	2014-09-07	0
41	Outdoors & Recreation	2014-09-02	0
41	Outdoors & Recreation	2014-09-03	0
41	Outdoors & Recreation	2014-09-04	0
41	Outdoors & Recreation	2014-09-05	1
41	Outdoors & Recreation	2014-09-06	0
41	Outdoors & Recreation	2014-09-07	2
41	Professional & Other Places	2014-09-02	0
41	Professional & Other Places	2014-09-03	1
41	Professional & Other Places	2014-09-04	3
41	Professional & Other Places	2014-09-05	3
41	Professional & Other Places	2014-09-06	1
41	Professional & Other Places	2014-09-07	0
41	Shop & Service	2014-09-02	0
41	Shop & Service	2014-09-03	0
41	Shop & Service	2014-09-04	1
41	Shop & Service	2014-09-05	0
41	Shop & Service	2014-09-06	0
41	Shop & Service	2014-09-07	1
42	College & University	2014-09-02	0
42	College & University	2014-09-03	0
42	College & University	2014-09-04	0
42	College & University	2014-09-05	0
42	College & University	2014-09-06	1
42	College & University	2014-09-07	0
42	Food	2014-09-02	0
42	Food	2014-09-03	1
42	Food	2014-09-04	5
42	Food	2014-09-05	2
42	Food	2014-09-06	0
42	Food	2014-09-07	1
42	Nightlife Spot	2014-09-02	0
42	Nightlife Spot	2014-09-03	1
42	Nightlife Spot	2014-09-04	0
42	Nightlife Spot	2014-09-05	0
42	Nightlife Spot	2014-09-06	0
42	Nightlife Spot	2014-09-07	0
42	Professional & Other Places	2014-09-02	0
42	Professional & Other Places	2014-09-03	0
42	Professional & Other Places	2014-09-04	0
42	Professional & Other Places	2014-09-05	2
42	Professional & Other Places	2014-09-06	0
42	Professional & Other Places	2014-09-07	0
42	Shop & Service	2014-09-02	0
42	Shop & Service	2014-09-03	1
42	Shop & Service	2014-09-04	0
42	Shop & Service	2014-09-05	0
42	Shop & Service	2014-09-06	0
42	Shop & Service	2014-09-07	0
42	Travel & Transport	2014-09-02	0
42	Travel & Transport	2014-09-03	1
42	Travel & Transport	2014-09-04	0
42	Travel & Transport	2014-09-05	2
42	Travel & Transport	2014-09-06	1
42	Travel & Transport	2014-09-07	0
43	Food	2014-09-02	2
43	Food	2014-09-03	0
43	Food	2014-09-04	2
43	Food	2014-09-05	2
43	Food	2014-09-06	4
43	Food	2014-09-07	6
43	Nightlife Spot	2014-09-02	0
43	Nightlife Spot	2014-09-03	1
43	Nightlife Spot	2014-09-04	1
43	Nightlife Spot	2014-09-05	1
43	Nightlife Spot	2014-09-06	0
43	Nightlife Spot	2014-09-07	1
43	Outdoors & Recreation	2014-09-02	1
43	Outdoors & Recreation	2014-09-03	0
43	Outdoors & Recreation	2014-09-04	0
43	Outdoors & Recreation	2014-09-05	2
43	Outdoors & Recreation	2014-09-06	1
43	Outdoors & Recreation	2014-09-07	1
43	Professional & Other Places	2014-09-02	1
43	Professional & Other Places	2014-09-03	0
43	Professional & Other Places	2014-09-04	0
43	Professional & Other Places	2014-09-05	2
43	Professional & Other Places	2014-09-06	0
43	Professional & Other Places	2014-09-07	0
43	Shop & Service	2014-09-02	0
43	Shop & Service	2014-09-03	0
43	Shop & Service	2014-09-04	6
43	Shop & Service	2014-09-05	2
43	Shop & Service	2014-09-06	0
43	Shop & Service	2014-09-07	3
44	Arts & Entertainment	2014-09-02	0
44	Arts & Entertainment	2014-09-03	0
44	Arts & Entertainment	2014-09-04	2
44	Arts & Entertainment	2014-09-05	0
44	Arts & Entertainment	2014-09-06	1
44	Arts & Entertainment	2014-09-07	0
44	College & University	2014-09-02	0
44	College & University	2014-09-03	2
44	College & University	2014-09-04	4
44	College & University	2014-09-05	4
44	College & University	2014-09-06	2
44	College & University	2014-09-07	1
44	Food	2014-09-02	24
44	Food	2014-09-03	34
44	Food	2014-09-04	35
44	Food	2014-09-05	33
44	Food	2014-09-06	43
44	Food	2014-09-07	53
44	Nightlife Spot	2014-09-02	12
44	Nightlife Spot	2014-09-03	30
44	Nightlife Spot	2014-09-04	24
44	Nightlife Spot	2014-09-05	22
44	Nightlife Spot	2014-09-06	32
44	Nightlife Spot	2014-09-07	53
44	Outdoors & Recreation	2014-09-02	7
44	Outdoors & Recreation	2014-09-03	9
44	Outdoors & Recreation	2014-09-04	9
44	Outdoors & Recreation	2014-09-05	6
44	Outdoors & Recreation	2014-09-06	16
44	Outdoors & Recreation	2014-09-07	22
44	Professional & Other Places	2014-09-02	0
44	Professional & Other Places	2014-09-03	3
44	Professional & Other Places	2014-09-04	3
44	Professional & Other Places	2014-09-05	2
44	Professional & Other Places	2014-09-06	5
44	Professional & Other Places	2014-09-07	0
44	Shop & Service	2014-09-02	9
44	Shop & Service	2014-09-03	4
44	Shop & Service	2014-09-04	6
44	Shop & Service	2014-09-05	12
44	Shop & Service	2014-09-06	4
44	Shop & Service	2014-09-07	8
44	Travel & Transport	2014-09-02	6
44	Travel & Transport	2014-09-03	4
44	Travel & Transport	2014-09-04	8
44	Travel & Transport	2014-09-05	8
44	Travel & Transport	2014-09-06	6
44	Travel & Transport	2014-09-07	3
45	College & University	2014-09-02	0
45	College & University	2014-09-03	1
45	College & University	2014-09-04	2
45	College & University	2014-09-05	1
45	College & University	2014-09-06	0
45	College & University	2014-09-07	0
45	Food	2014-09-02	2
45	Food	2014-09-03	4
45	Food	2014-09-04	9
45	Food	2014-09-05	2
45	Food	2014-09-06	7
45	Food	2014-09-07	12
45	Nightlife Spot	2014-09-02	0
45	Nightlife Spot	2014-09-03	1
45	Nightlife Spot	2014-09-04	0
45	Nightlife Spot	2014-09-05	0
45	Nightlife Spot	2014-09-06	0
45	Nightlife Spot	2014-09-07	4
45	Outdoors & Recreation	2014-09-02	0
45	Outdoors & Recreation	2014-09-03	2
45	Outdoors & Recreation	2014-09-04	3
45	Outdoors & Recreation	2014-09-05	0
45	Outdoors & Recreation	2014-09-06	0
45	Outdoors & Recreation	2014-09-07	4
45	Professional & Other Places	2014-09-02	3
45	Professional & Other Places	2014-09-03	4
45	Professional & Other Places	2014-09-04	3
45	Professional & Other Places	2014-09-05	1
45	Professional & Other Places	2014-09-06	2
45	Professional & Other Places	2014-09-07	0
45	Shop & Service	2014-09-02	3
45	Shop & Service	2014-09-03	3
45	Shop & Service	2014-09-04	0
45	Shop & Service	2014-09-05	2
45	Shop & Service	2014-09-06	1
45	Shop & Service	2014-09-07	4
45	Travel & Transport	2014-09-02	1
45	Travel & Transport	2014-09-03	0
45	Travel & Transport	2014-09-04	6
45	Travel & Transport	2014-09-05	4
45	Travel & Transport	2014-09-06	3
45	Travel & Transport	2014-09-07	1
46	Arts & Entertainment	2014-09-02	0
46	Arts & Entertainment	2014-09-03	1
46	Arts & Entertainment	2014-09-04	0
46	Arts & Entertainment	2014-09-05	0
46	Arts & Entertainment	2014-09-06	0
46	Arts & Entertainment	2014-09-07	0
46	College & University	2014-09-02	1
46	College & University	2014-09-03	0
46	College & University	2014-09-04	1
46	College & University	2014-09-05	0
46	College & University	2014-09-06	0
46	College & University	2014-09-07	0
46	Food	2014-09-02	0
46	Food	2014-09-03	0
46	Food	2014-09-04	0
46	Food	2014-09-05	2
46	Food	2014-09-06	0
46	Food	2014-09-07	0
47	Food	2014-09-02	0
47	Food	2014-09-03	0
47	Food	2014-09-04	0
47	Food	2014-09-05	1
47	Food	2014-09-06	0
47	Food	2014-09-07	0
47	Travel & Transport	2014-09-02	0
47	Travel & Transport	2014-09-03	0
47	Travel & Transport	2014-09-04	0
47	Travel & Transport	2014-09-05	2
47	Travel & Transport	2014-09-06	0
47	Travel & Transport	2014-09-07	1
48	Food	2014-09-02	0
48	Food	2014-09-03	0
48	Food	2014-09-04	1
48	Food	2014-09-05	1
48	Food	2014-09-06	0
48	Food	2014-09-07	5
48	Nightlife Spot	2014-09-02	0
48	Nightlife Spot	2014-09-03	0
48	Nightlife Spot	2014-09-04	1
48	Nightlife Spot	2014-09-05	1
48	Nightlife Spot	2014-09-06	0
48	Nightlife Spot	2014-09-07	2
48	Outdoors & Recreation	2014-09-02	0
48	Outdoors & Recreation	2014-09-03	0
48	Outdoors & Recreation	2014-09-04	2
48	Outdoors & Recreation	2014-09-05	0
48	Outdoors & Recreation	2014-09-06	0
48	Outdoors & Recreation	2014-09-07	0
48	Travel & Transport	2014-09-02	0
48	Travel & Transport	2014-09-03	1
48	Travel & Transport	2014-09-04	1
48	Travel & Transport	2014-09-05	1
48	Travel & Transport	2014-09-06	0
48	Travel & Transport	2014-09-07	1
49	Arts & Entertainment	2014-09-02	0
49	Arts & Entertainment	2014-09-03	1
49	Arts & Entertainment	2014-09-04	3
49	Arts & Entertainment	2014-09-05	1
49	Arts & Entertainment	2014-09-06	1
49	Arts & Entertainment	2014-09-07	0
49	Food	2014-09-02	2
49	Food	2014-09-03	6
49	Food	2014-09-04	8
49	Food	2014-09-05	8
49	Food	2014-09-06	4
49	Food	2014-09-07	1
49	Nightlife Spot	2014-09-02	0
49	Nightlife Spot	2014-09-03	2
49	Nightlife Spot	2014-09-04	1
49	Nightlife Spot	2014-09-05	0
49	Nightlife Spot	2014-09-06	1
49	Nightlife Spot	2014-09-07	2
49	Outdoors & Recreation	2014-09-02	4
49	Outdoors & Recreation	2014-09-03	10
49	Outdoors & Recreation	2014-09-04	3
49	Outdoors & Recreation	2014-09-05	3
49	Outdoors & Recreation	2014-09-06	2
49	Outdoors & Recreation	2014-09-07	8
49	Professional & Other Places	2014-09-02	2
49	Professional & Other Places	2014-09-03	4
49	Professional & Other Places	2014-09-04	5
49	Professional & Other Places	2014-09-05	3
49	Professional & Other Places	2014-09-06	3
49	Professional & Other Places	2014-09-07	2
49	Shop & Service	2014-09-02	0
49	Shop & Service	2014-09-03	3
49	Shop & Service	2014-09-04	5
49	Shop & Service	2014-09-05	1
49	Shop & Service	2014-09-06	3
49	Shop & Service	2014-09-07	6
49	Travel & Transport	2014-09-02	2
49	Travel & Transport	2014-09-03	3
49	Travel & Transport	2014-09-04	5
49	Travel & Transport	2014-09-05	3
49	Travel & Transport	2014-09-06	5
49	Travel & Transport	2014-09-07	1
5	College & University	2014-09-02	9
5	College & University	2014-09-03	14
5	College & University	2014-09-04	18
5	College & University	2014-09-05	10
5	College & University	2014-09-06	15
5	College & University	2014-09-07	3
5	Food	2014-09-02	12
5	Food	2014-09-03	17
5	Food	2014-09-04	9
5	Food	2014-09-05	6
5	Food	2014-09-06	8
5	Food	2014-09-07	22
5	Nightlife Spot	2014-09-02	4
5	Nightlife Spot	2014-09-03	8
5	Nightlife Spot	2014-09-04	4
5	Nightlife Spot	2014-09-05	5
5	Nightlife Spot	2014-09-06	12
5	Nightlife Spot	2014-09-07	7
5	Outdoors & Recreation	2014-09-02	0
5	Outdoors & Recreation	2014-09-03	1
5	Outdoors & Recreation	2014-09-04	1
5	Outdoors & Recreation	2014-09-05	1
5	Outdoors & Recreation	2014-09-06	0
5	Outdoors & Recreation	2014-09-07	2
5	Professional & Other Places	2014-09-02	3
5	Professional & Other Places	2014-09-03	9
5	Professional & Other Places	2014-09-04	9
5	Professional & Other Places	2014-09-05	8
5	Professional & Other Places	2014-09-06	6
5	Professional & Other Places	2014-09-07	1
5	Shop & Service	2014-09-02	1
5	Shop & Service	2014-09-03	3
5	Shop & Service	2014-09-04	2
5	Shop & Service	2014-09-05	2
5	Shop & Service	2014-09-06	2
5	Shop & Service	2014-09-07	1
5	Travel & Transport	2014-09-02	1
5	Travel & Transport	2014-09-03	2
5	Travel & Transport	2014-09-04	1
5	Travel & Transport	2014-09-05	0
5	Travel & Transport	2014-09-06	1
5	Travel & Transport	2014-09-07	0
50	Arts & Entertainment	2014-09-02	0
50	Arts & Entertainment	2014-09-03	0
50	Arts & Entertainment	2014-09-04	1
50	Arts & Entertainment	2014-09-05	0
50	Arts & Entertainment	2014-09-06	1
50	Arts & Entertainment	2014-09-07	1
50	Food	2014-09-02	15
50	Food	2014-09-03	24
50	Food	2014-09-04	19
50	Food	2014-09-05	31
50	Food	2014-09-06	18
50	Food	2014-09-07	22
50	Nightlife Spot	2014-09-02	8
50	Nightlife Spot	2014-09-03	5
50	Nightlife Spot	2014-09-04	4
50	Nightlife Spot	2014-09-05	7
50	Nightlife Spot	2014-09-06	4
50	Nightlife Spot	2014-09-07	9
50	Outdoors & Recreation	2014-09-02	2
50	Outdoors & Recreation	2014-09-03	4
50	Outdoors & Recreation	2014-09-04	2
50	Outdoors & Recreation	2014-09-05	4
50	Outdoors & Recreation	2014-09-06	4
50	Outdoors & Recreation	2014-09-07	2
50	Professional & Other Places	2014-09-02	6
50	Professional & Other Places	2014-09-03	9
50	Professional & Other Places	2014-09-04	12
50	Professional & Other Places	2014-09-05	13
50	Professional & Other Places	2014-09-06	9
50	Professional & Other Places	2014-09-07	1
50	Shop & Service	2014-09-02	5
50	Shop & Service	2014-09-03	0
50	Shop & Service	2014-09-04	4
50	Shop & Service	2014-09-05	7
50	Shop & Service	2014-09-06	2
50	Shop & Service	2014-09-07	4
50	Travel & Transport	2014-09-02	7
50	Travel & Transport	2014-09-03	8
50	Travel & Transport	2014-09-04	7
50	Travel & Transport	2014-09-05	4
50	Travel & Transport	2014-09-06	6
50	Travel & Transport	2014-09-07	3
51	Food	2014-09-02	9
51	Food	2014-09-03	14
51	Food	2014-09-04	2
51	Food	2014-09-05	15
51	Food	2014-09-06	10
51	Food	2014-09-07	11
51	Nightlife Spot	2014-09-02	2
51	Nightlife Spot	2014-09-03	0
51	Nightlife Spot	2014-09-04	0
51	Nightlife Spot	2014-09-05	1
51	Nightlife Spot	2014-09-06	0
51	Nightlife Spot	2014-09-07	1
51	Outdoors & Recreation	2014-09-02	0
51	Outdoors & Recreation	2014-09-03	3
51	Outdoors & Recreation	2014-09-04	2
51	Outdoors & Recreation	2014-09-05	1
51	Outdoors & Recreation	2014-09-06	0
51	Outdoors & Recreation	2014-09-07	0
51	Professional & Other Places	2014-09-02	2
51	Professional & Other Places	2014-09-03	5
51	Professional & Other Places	2014-09-04	6
51	Professional & Other Places	2014-09-05	7
51	Professional & Other Places	2014-09-06	7
51	Professional & Other Places	2014-09-07	1
51	Shop & Service	2014-09-02	4
51	Shop & Service	2014-09-03	5
51	Shop & Service	2014-09-04	0
51	Shop & Service	2014-09-05	0
51	Shop & Service	2014-09-06	0
51	Shop & Service	2014-09-07	6
51	Travel & Transport	2014-09-02	0
51	Travel & Transport	2014-09-03	4
51	Travel & Transport	2014-09-04	0
51	Travel & Transport	2014-09-05	3
51	Travel & Transport	2014-09-06	3
51	Travel & Transport	2014-09-07	1
52	Arts & Entertainment	2014-09-02	0
52	Arts & Entertainment	2014-09-03	0
52	Arts & Entertainment	2014-09-04	1
52	Arts & Entertainment	2014-09-05	2
52	Arts & Entertainment	2014-09-06	0
52	Arts & Entertainment	2014-09-07	0
52	Food	2014-09-02	13
52	Food	2014-09-03	5
52	Food	2014-09-04	9
52	Food	2014-09-05	7
52	Food	2014-09-06	14
52	Food	2014-09-07	8
52	Nightlife Spot	2014-09-02	2
52	Nightlife Spot	2014-09-03	0
52	Nightlife Spot	2014-09-04	0
52	Nightlife Spot	2014-09-05	2
52	Nightlife Spot	2014-09-06	3
52	Nightlife Spot	2014-09-07	1
52	Outdoors & Recreation	2014-09-02	5
52	Outdoors & Recreation	2014-09-03	1
52	Outdoors & Recreation	2014-09-04	0
52	Outdoors & Recreation	2014-09-05	3
52	Outdoors & Recreation	2014-09-06	3
52	Outdoors & Recreation	2014-09-07	1
52	Professional & Other Places	2014-09-02	2
52	Professional & Other Places	2014-09-03	0
52	Professional & Other Places	2014-09-04	5
52	Professional & Other Places	2014-09-05	0
52	Professional & Other Places	2014-09-06	2
52	Professional & Other Places	2014-09-07	0
52	Shop & Service	2014-09-02	2
52	Shop & Service	2014-09-03	4
52	Shop & Service	2014-09-04	5
52	Shop & Service	2014-09-05	2
52	Shop & Service	2014-09-06	3
52	Shop & Service	2014-09-07	7
52	Travel & Transport	2014-09-02	0
52	Travel & Transport	2014-09-03	0
52	Travel & Transport	2014-09-04	1
52	Travel & Transport	2014-09-05	3
52	Travel & Transport	2014-09-06	1
52	Travel & Transport	2014-09-07	0
53	Arts & Entertainment	2014-09-02	0
53	Arts & Entertainment	2014-09-03	1
53	Arts & Entertainment	2014-09-04	0
53	Arts & Entertainment	2014-09-05	0
53	Arts & Entertainment	2014-09-06	1
53	Arts & Entertainment	2014-09-07	0
53	College & University	2014-09-02	0
53	College & University	2014-09-03	0
53	College & University	2014-09-04	1
53	College & University	2014-09-05	0
53	College & University	2014-09-06	0
53	College & University	2014-09-07	0
53	Food	2014-09-02	9
53	Food	2014-09-03	8
53	Food	2014-09-04	12
53	Food	2014-09-05	9
53	Food	2014-09-06	10
53	Food	2014-09-07	4
53	Outdoors & Recreation	2014-09-02	0
53	Outdoors & Recreation	2014-09-03	2
53	Outdoors & Recreation	2014-09-04	2
53	Outdoors & Recreation	2014-09-05	1
53	Outdoors & Recreation	2014-09-06	0
53	Outdoors & Recreation	2014-09-07	1
53	Professional & Other Places	2014-09-02	8
53	Professional & Other Places	2014-09-03	15
53	Professional & Other Places	2014-09-04	15
53	Professional & Other Places	2014-09-05	16
53	Professional & Other Places	2014-09-06	15
53	Professional & Other Places	2014-09-07	1
53	Shop & Service	2014-09-02	0
53	Shop & Service	2014-09-03	3
53	Shop & Service	2014-09-04	1
53	Shop & Service	2014-09-05	2
53	Shop & Service	2014-09-06	0
53	Shop & Service	2014-09-07	2
53	Travel & Transport	2014-09-02	0
53	Travel & Transport	2014-09-03	1
53	Travel & Transport	2014-09-04	1
53	Travel & Transport	2014-09-05	0
53	Travel & Transport	2014-09-06	1
53	Travel & Transport	2014-09-07	0
54	Food	2014-09-02	0
54	Food	2014-09-03	0
54	Food	2014-09-04	1
54	Food	2014-09-05	0
54	Food	2014-09-06	0
54	Food	2014-09-07	0
54	Outdoors & Recreation	2014-09-02	0
54	Outdoors & Recreation	2014-09-03	1
54	Outdoors & Recreation	2014-09-04	1
54	Outdoors & Recreation	2014-09-05	0
54	Outdoors & Recreation	2014-09-06	1
54	Outdoors & Recreation	2014-09-07	1
55	Arts & Entertainment	2014-09-02	0
55	Arts & Entertainment	2014-09-03	1
55	Arts & Entertainment	2014-09-04	0
55	Arts & Entertainment	2014-09-05	0
55	Arts & Entertainment	2014-09-06	0
55	Arts & Entertainment	2014-09-07	0
55	Food	2014-09-02	1
55	Food	2014-09-03	0
55	Food	2014-09-04	1
55	Food	2014-09-05	0
55	Food	2014-09-06	1
55	Food	2014-09-07	0
55	Outdoors & Recreation	2014-09-02	0
55	Outdoors & Recreation	2014-09-03	0
55	Outdoors & Recreation	2014-09-04	1
55	Outdoors & Recreation	2014-09-05	0
55	Outdoors & Recreation	2014-09-06	2
55	Outdoors & Recreation	2014-09-07	2
55	Professional & Other Places	2014-09-02	1
55	Professional & Other Places	2014-09-03	1
55	Professional & Other Places	2014-09-04	1
55	Professional & Other Places	2014-09-05	2
55	Professional & Other Places	2014-09-06	1
55	Professional & Other Places	2014-09-07	0
55	Shop & Service	2014-09-02	0
55	Shop & Service	2014-09-03	0
55	Shop & Service	2014-09-04	1
55	Shop & Service	2014-09-05	1
55	Shop & Service	2014-09-06	0
55	Shop & Service	2014-09-07	1
55	Travel & Transport	2014-09-02	1
55	Travel & Transport	2014-09-03	1
55	Travel & Transport	2014-09-04	3
55	Travel & Transport	2014-09-05	1
55	Travel & Transport	2014-09-06	2
55	Travel & Transport	2014-09-07	0
56	Arts & Entertainment	2014-09-02	0
56	Arts & Entertainment	2014-09-03	0
56	Arts & Entertainment	2014-09-04	0
56	Arts & Entertainment	2014-09-05	1
56	Arts & Entertainment	2014-09-06	0
56	Arts & Entertainment	2014-09-07	0
56	Outdoors & Recreation	2014-09-02	1
56	Outdoors & Recreation	2014-09-03	0
56	Outdoors & Recreation	2014-09-04	1
56	Outdoors & Recreation	2014-09-05	0
56	Outdoors & Recreation	2014-09-06	0
56	Outdoors & Recreation	2014-09-07	0
56	Professional & Other Places	2014-09-02	0
56	Professional & Other Places	2014-09-03	3
56	Professional & Other Places	2014-09-04	2
56	Professional & Other Places	2014-09-05	3
56	Professional & Other Places	2014-09-06	2
56	Professional & Other Places	2014-09-07	0
56	Shop & Service	2014-09-02	0
56	Shop & Service	2014-09-03	0
56	Shop & Service	2014-09-04	0
56	Shop & Service	2014-09-05	0
56	Shop & Service	2014-09-06	1
56	Shop & Service	2014-09-07	1
56	Travel & Transport	2014-09-02	0
56	Travel & Transport	2014-09-03	0
56	Travel & Transport	2014-09-04	0
56	Travel & Transport	2014-09-05	1
56	Travel & Transport	2014-09-06	0
56	Travel & Transport	2014-09-07	2
57	College & University	2014-09-02	0
57	College & University	2014-09-03	0
57	College & University	2014-09-04	0
57	College & University	2014-09-05	0
57	College & University	2014-09-06	0
57	College & University	2014-09-07	1
57	Food	2014-09-02	0
57	Food	2014-09-03	1
57	Food	2014-09-04	1
57	Food	2014-09-05	3
57	Food	2014-09-06	4
57	Food	2014-09-07	2
57	Nightlife Spot	2014-09-02	0
57	Nightlife Spot	2014-09-03	0
57	Nightlife Spot	2014-09-04	1
57	Nightlife Spot	2014-09-05	1
57	Nightlife Spot	2014-09-06	0
57	Nightlife Spot	2014-09-07	3
57	Outdoors & Recreation	2014-09-02	0
57	Outdoors & Recreation	2014-09-03	0
57	Outdoors & Recreation	2014-09-04	0
57	Outdoors & Recreation	2014-09-05	0
57	Outdoors & Recreation	2014-09-06	0
57	Outdoors & Recreation	2014-09-07	1
57	Professional & Other Places	2014-09-02	0
57	Professional & Other Places	2014-09-03	0
57	Professional & Other Places	2014-09-04	0
57	Professional & Other Places	2014-09-05	1
57	Professional & Other Places	2014-09-06	0
57	Professional & Other Places	2014-09-07	0
57	Residence	2014-09-02	0
57	Residence	2014-09-03	0
57	Residence	2014-09-04	0
57	Residence	2014-09-05	0
57	Residence	2014-09-06	0
57	Residence	2014-09-07	1
57	Shop & Service	2014-09-02	0
57	Shop & Service	2014-09-03	0
57	Shop & Service	2014-09-04	1
57	Shop & Service	2014-09-05	1
57	Shop & Service	2014-09-06	0
57	Shop & Service	2014-09-07	3
57	Travel & Transport	2014-09-02	0
57	Travel & Transport	2014-09-03	0
57	Travel & Transport	2014-09-04	0
57	Travel & Transport	2014-09-05	3
57	Travel & Transport	2014-09-06	2
57	Travel & Transport	2014-09-07	0
58	Arts & Entertainment	2014-09-02	0
58	Arts & Entertainment	2014-09-03	0
58	Arts & Entertainment	2014-09-04	0
58	Arts & Entertainment	2014-09-05	1
58	Arts & Entertainment	2014-09-06	1
58	Arts & Entertainment	2014-09-07	0
58	Food	2014-09-02	7
58	Food	2014-09-03	14
58	Food	2014-09-04	14
58	Food	2014-09-05	18
58	Food	2014-09-06	11
58	Food	2014-09-07	31
58	Nightlife Spot	2014-09-02	1
58	Nightlife Spot	2014-09-03	3
58	Nightlife Spot	2014-09-04	4
58	Nightlife Spot	2014-09-05	1
58	Nightlife Spot	2014-09-06	1
58	Nightlife Spot	2014-09-07	4
58	Outdoors & Recreation	2014-09-02	0
58	Outdoors & Recreation	2014-09-03	5
58	Outdoors & Recreation	2014-09-04	0
58	Outdoors & Recreation	2014-09-05	3
58	Outdoors & Recreation	2014-09-06	4
58	Outdoors & Recreation	2014-09-07	3
58	Professional & Other Places	2014-09-02	0
58	Professional & Other Places	2014-09-03	7
58	Professional & Other Places	2014-09-04	5
58	Professional & Other Places	2014-09-05	5
58	Professional & Other Places	2014-09-06	4
58	Professional & Other Places	2014-09-07	2
58	Shop & Service	2014-09-02	2
58	Shop & Service	2014-09-03	7
58	Shop & Service	2014-09-04	4
58	Shop & Service	2014-09-05	2
58	Shop & Service	2014-09-06	5
58	Shop & Service	2014-09-07	8
58	Travel & Transport	2014-09-02	0
58	Travel & Transport	2014-09-03	1
58	Travel & Transport	2014-09-04	3
58	Travel & Transport	2014-09-05	7
58	Travel & Transport	2014-09-06	5
58	Travel & Transport	2014-09-07	3
59	Food	2014-09-02	0
59	Food	2014-09-03	0
59	Food	2014-09-04	0
59	Food	2014-09-05	0
59	Food	2014-09-06	1
59	Food	2014-09-07	0
59	Outdoors & Recreation	2014-09-02	0
59	Outdoors & Recreation	2014-09-03	0
59	Outdoors & Recreation	2014-09-04	0
59	Outdoors & Recreation	2014-09-05	0
59	Outdoors & Recreation	2014-09-06	1
59	Outdoors & Recreation	2014-09-07	0
59	Shop & Service	2014-09-02	1
59	Shop & Service	2014-09-03	0
59	Shop & Service	2014-09-04	1
59	Shop & Service	2014-09-05	2
59	Shop & Service	2014-09-06	1
59	Shop & Service	2014-09-07	1
6	Arts & Entertainment	2014-09-02	0
6	Arts & Entertainment	2014-09-03	7
6	Arts & Entertainment	2014-09-04	3
6	Arts & Entertainment	2014-09-05	1
6	Arts & Entertainment	2014-09-06	0
6	Arts & Entertainment	2014-09-07	0
6	College & University	2014-09-02	0
6	College & University	2014-09-03	2
6	College & University	2014-09-04	1
6	College & University	2014-09-05	0
6	College & University	2014-09-06	0
6	College & University	2014-09-07	0
6	Food	2014-09-02	13
6	Food	2014-09-03	24
6	Food	2014-09-04	18
6	Food	2014-09-05	17
6	Food	2014-09-06	44
6	Food	2014-09-07	27
6	Nightlife Spot	2014-09-02	3
6	Nightlife Spot	2014-09-03	6
6	Nightlife Spot	2014-09-04	6
6	Nightlife Spot	2014-09-05	2
6	Nightlife Spot	2014-09-06	4
6	Nightlife Spot	2014-09-07	8
6	Outdoors & Recreation	2014-09-02	1
6	Outdoors & Recreation	2014-09-03	5
6	Outdoors & Recreation	2014-09-04	7
6	Outdoors & Recreation	2014-09-05	4
6	Outdoors & Recreation	2014-09-06	2
6	Outdoors & Recreation	2014-09-07	7
6	Professional & Other Places	2014-09-02	4
6	Professional & Other Places	2014-09-03	12
6	Professional & Other Places	2014-09-04	10
6	Professional & Other Places	2014-09-05	11
6	Professional & Other Places	2014-09-06	10
6	Professional & Other Places	2014-09-07	4
6	Shop & Service	2014-09-02	4
6	Shop & Service	2014-09-03	6
6	Shop & Service	2014-09-04	4
6	Shop & Service	2014-09-05	7
6	Shop & Service	2014-09-06	3
6	Shop & Service	2014-09-07	4
6	Travel & Transport	2014-09-02	0
6	Travel & Transport	2014-09-03	1
6	Travel & Transport	2014-09-04	1
6	Travel & Transport	2014-09-05	0
6	Travel & Transport	2014-09-06	6
6	Travel & Transport	2014-09-07	2
60	Arts & Entertainment	2014-09-02	0
60	Arts & Entertainment	2014-09-03	6
60	Arts & Entertainment	2014-09-04	3
60	Arts & Entertainment	2014-09-05	9
60	Arts & Entertainment	2014-09-06	2
60	Arts & Entertainment	2014-09-07	44
60	Food	2014-09-02	0
60	Food	2014-09-03	1
60	Food	2014-09-04	2
60	Food	2014-09-05	3
60	Food	2014-09-06	2
60	Food	2014-09-07	3
60	Outdoors & Recreation	2014-09-02	0
60	Outdoors & Recreation	2014-09-03	2
60	Outdoors & Recreation	2014-09-04	0
60	Outdoors & Recreation	2014-09-05	4
60	Outdoors & Recreation	2014-09-06	2
60	Outdoors & Recreation	2014-09-07	1
60	Professional & Other Places	2014-09-02	0
60	Professional & Other Places	2014-09-03	3
60	Professional & Other Places	2014-09-04	1
60	Professional & Other Places	2014-09-05	4
60	Professional & Other Places	2014-09-06	3
60	Professional & Other Places	2014-09-07	0
60	Shop & Service	2014-09-02	0
60	Shop & Service	2014-09-03	0
60	Shop & Service	2014-09-04	0
60	Shop & Service	2014-09-05	1
60	Shop & Service	2014-09-06	0
60	Shop & Service	2014-09-07	0
61	Food	2014-09-02	0
61	Food	2014-09-03	1
61	Food	2014-09-04	1
61	Food	2014-09-05	0
61	Food	2014-09-06	0
61	Food	2014-09-07	1
61	Professional & Other Places	2014-09-02	0
61	Professional & Other Places	2014-09-03	0
61	Professional & Other Places	2014-09-04	1
61	Professional & Other Places	2014-09-05	1
61	Professional & Other Places	2014-09-06	1
61	Professional & Other Places	2014-09-07	0
62	Outdoors & Recreation	2014-09-02	0
62	Outdoors & Recreation	2014-09-03	2
62	Outdoors & Recreation	2014-09-04	2
62	Outdoors & Recreation	2014-09-05	1
62	Outdoors & Recreation	2014-09-06	0
62	Outdoors & Recreation	2014-09-07	0
62	Professional & Other Places	2014-09-02	0
62	Professional & Other Places	2014-09-03	0
62	Professional & Other Places	2014-09-04	0
62	Professional & Other Places	2014-09-05	2
62	Professional & Other Places	2014-09-06	0
62	Professional & Other Places	2014-09-07	0
63	Outdoors & Recreation	2014-09-02	0
63	Outdoors & Recreation	2014-09-03	1
63	Outdoors & Recreation	2014-09-04	1
63	Outdoors & Recreation	2014-09-05	0
63	Outdoors & Recreation	2014-09-06	0
63	Outdoors & Recreation	2014-09-07	0
63	Travel & Transport	2014-09-02	0
63	Travel & Transport	2014-09-03	0
63	Travel & Transport	2014-09-04	0
63	Travel & Transport	2014-09-05	1
63	Travel & Transport	2014-09-06	0
63	Travel & Transport	2014-09-07	0
64	Food	2014-09-02	0
64	Food	2014-09-03	0
64	Food	2014-09-04	0
64	Food	2014-09-05	0
64	Food	2014-09-06	0
64	Food	2014-09-07	1
64	Nightlife Spot	2014-09-02	0
64	Nightlife Spot	2014-09-03	0
64	Nightlife Spot	2014-09-04	1
64	Nightlife Spot	2014-09-05	1
64	Nightlife Spot	2014-09-06	0
64	Nightlife Spot	2014-09-07	0
65	College & University	2014-09-02	1
65	College & University	2014-09-03	0
65	College & University	2014-09-04	0
65	College & University	2014-09-05	0
65	College & University	2014-09-06	0
65	College & University	2014-09-07	1
65	Food	2014-09-02	0
65	Food	2014-09-03	4
65	Food	2014-09-04	3
65	Food	2014-09-05	3
65	Food	2014-09-06	7
65	Food	2014-09-07	1
65	Outdoors & Recreation	2014-09-02	1
65	Outdoors & Recreation	2014-09-03	0
65	Outdoors & Recreation	2014-09-04	1
65	Outdoors & Recreation	2014-09-05	1
65	Outdoors & Recreation	2014-09-06	1
65	Outdoors & Recreation	2014-09-07	0
65	Professional & Other Places	2014-09-02	1
65	Professional & Other Places	2014-09-03	3
65	Professional & Other Places	2014-09-04	6
65	Professional & Other Places	2014-09-05	6
65	Professional & Other Places	2014-09-06	6
65	Professional & Other Places	2014-09-07	1
65	Shop & Service	2014-09-02	0
65	Shop & Service	2014-09-03	0
65	Shop & Service	2014-09-04	1
65	Shop & Service	2014-09-05	2
65	Shop & Service	2014-09-06	0
65	Shop & Service	2014-09-07	1
65	Travel & Transport	2014-09-02	1
65	Travel & Transport	2014-09-03	0
65	Travel & Transport	2014-09-04	0
65	Travel & Transport	2014-09-05	0
65	Travel & Transport	2014-09-06	2
65	Travel & Transport	2014-09-07	1
66	Arts & Entertainment	2014-09-02	0
66	Arts & Entertainment	2014-09-03	1
66	Arts & Entertainment	2014-09-04	0
66	Arts & Entertainment	2014-09-05	1
66	Arts & Entertainment	2014-09-06	0
66	Arts & Entertainment	2014-09-07	0
66	Food	2014-09-02	0
66	Food	2014-09-03	0
66	Food	2014-09-04	1
66	Food	2014-09-05	0
66	Food	2014-09-06	0
66	Food	2014-09-07	1
66	Outdoors & Recreation	2014-09-02	0
66	Outdoors & Recreation	2014-09-03	3
66	Outdoors & Recreation	2014-09-04	1
66	Outdoors & Recreation	2014-09-05	0
66	Outdoors & Recreation	2014-09-06	0
66	Outdoors & Recreation	2014-09-07	1
66	Professional & Other Places	2014-09-02	0
66	Professional & Other Places	2014-09-03	0
66	Professional & Other Places	2014-09-04	0
66	Professional & Other Places	2014-09-05	0
66	Professional & Other Places	2014-09-06	0
66	Professional & Other Places	2014-09-07	1
66	Shop & Service	2014-09-02	2
66	Shop & Service	2014-09-03	0
66	Shop & Service	2014-09-04	1
66	Shop & Service	2014-09-05	1
66	Shop & Service	2014-09-06	0
66	Shop & Service	2014-09-07	0
67	Food	2014-09-02	0
67	Food	2014-09-03	4
67	Food	2014-09-04	0
67	Food	2014-09-05	0
67	Food	2014-09-06	1
67	Food	2014-09-07	0
67	Nightlife Spot	2014-09-02	0
67	Nightlife Spot	2014-09-03	0
67	Nightlife Spot	2014-09-04	0
67	Nightlife Spot	2014-09-05	1
67	Nightlife Spot	2014-09-06	2
67	Nightlife Spot	2014-09-07	1
67	Outdoors & Recreation	2014-09-02	0
67	Outdoors & Recreation	2014-09-03	0
67	Outdoors & Recreation	2014-09-04	1
67	Outdoors & Recreation	2014-09-05	0
67	Outdoors & Recreation	2014-09-06	0
67	Outdoors & Recreation	2014-09-07	1
67	Professional & Other Places	2014-09-02	5
67	Professional & Other Places	2014-09-03	15
67	Professional & Other Places	2014-09-04	8
67	Professional & Other Places	2014-09-05	10
67	Professional & Other Places	2014-09-06	3
67	Professional & Other Places	2014-09-07	1
67	Shop & Service	2014-09-02	0
67	Shop & Service	2014-09-03	0
67	Shop & Service	2014-09-04	1
67	Shop & Service	2014-09-05	1
67	Shop & Service	2014-09-06	0
67	Shop & Service	2014-09-07	2
67	Travel & Transport	2014-09-02	0
67	Travel & Transport	2014-09-03	1
67	Travel & Transport	2014-09-04	0
67	Travel & Transport	2014-09-05	0
67	Travel & Transport	2014-09-06	1
67	Travel & Transport	2014-09-07	0
68	Arts & Entertainment	2014-09-02	0
68	Arts & Entertainment	2014-09-03	0
68	Arts & Entertainment	2014-09-04	1
68	Arts & Entertainment	2014-09-05	0
68	Arts & Entertainment	2014-09-06	0
68	Arts & Entertainment	2014-09-07	0
68	College & University	2014-09-02	1
68	College & University	2014-09-03	1
68	College & University	2014-09-04	0
68	College & University	2014-09-05	0
68	College & University	2014-09-06	0
68	College & University	2014-09-07	0
68	Food	2014-09-02	1
68	Food	2014-09-03	6
68	Food	2014-09-04	4
68	Food	2014-09-05	6
68	Food	2014-09-06	1
68	Food	2014-09-07	6
68	Nightlife Spot	2014-09-02	1
68	Nightlife Spot	2014-09-03	1
68	Nightlife Spot	2014-09-04	0
68	Nightlife Spot	2014-09-05	0
68	Nightlife Spot	2014-09-06	2
68	Nightlife Spot	2014-09-07	2
68	Outdoors & Recreation	2014-09-02	0
68	Outdoors & Recreation	2014-09-03	1
68	Outdoors & Recreation	2014-09-04	0
68	Outdoors & Recreation	2014-09-05	1
68	Outdoors & Recreation	2014-09-06	0
68	Outdoors & Recreation	2014-09-07	1
68	Professional & Other Places	2014-09-02	3
68	Professional & Other Places	2014-09-03	7
68	Professional & Other Places	2014-09-04	4
68	Professional & Other Places	2014-09-05	5
68	Professional & Other Places	2014-09-06	10
68	Professional & Other Places	2014-09-07	0
68	Shop & Service	2014-09-02	0
68	Shop & Service	2014-09-03	2
68	Shop & Service	2014-09-04	4
68	Shop & Service	2014-09-05	4
68	Shop & Service	2014-09-06	2
68	Shop & Service	2014-09-07	1
68	Travel & Transport	2014-09-02	0
68	Travel & Transport	2014-09-03	1
68	Travel & Transport	2014-09-04	1
68	Travel & Transport	2014-09-05	2
68	Travel & Transport	2014-09-06	0
68	Travel & Transport	2014-09-07	2
69	Arts & Entertainment	2014-09-02	1
69	Arts & Entertainment	2014-09-03	7
69	Arts & Entertainment	2014-09-04	3
69	Arts & Entertainment	2014-09-05	2
69	Arts & Entertainment	2014-09-06	2
69	Arts & Entertainment	2014-09-07	3
69	Food	2014-09-02	7
69	Food	2014-09-03	21
69	Food	2014-09-04	22
69	Food	2014-09-05	35
69	Food	2014-09-06	28
69	Food	2014-09-07	39
69	Nightlife Spot	2014-09-02	9
69	Nightlife Spot	2014-09-03	8
69	Nightlife Spot	2014-09-04	11
69	Nightlife Spot	2014-09-05	22
69	Nightlife Spot	2014-09-06	19
69	Nightlife Spot	2014-09-07	27
69	Outdoors & Recreation	2014-09-02	1
69	Outdoors & Recreation	2014-09-03	5
69	Outdoors & Recreation	2014-09-04	3
69	Outdoors & Recreation	2014-09-05	4
69	Outdoors & Recreation	2014-09-06	3
69	Outdoors & Recreation	2014-09-07	3
69	Professional & Other Places	2014-09-02	0
69	Professional & Other Places	2014-09-03	9
69	Professional & Other Places	2014-09-04	7
69	Professional & Other Places	2014-09-05	5
69	Professional & Other Places	2014-09-06	7
69	Professional & Other Places	2014-09-07	2
69	Shop & Service	2014-09-02	2
69	Shop & Service	2014-09-03	7
69	Shop & Service	2014-09-04	8
69	Shop & Service	2014-09-05	2
69	Shop & Service	2014-09-06	4
69	Shop & Service	2014-09-07	11
69	Travel & Transport	2014-09-02	2
69	Travel & Transport	2014-09-03	6
69	Travel & Transport	2014-09-04	7
69	Travel & Transport	2014-09-05	4
69	Travel & Transport	2014-09-06	4
69	Travel & Transport	2014-09-07	1
7	Arts & Entertainment	2014-09-02	1
7	Arts & Entertainment	2014-09-03	2
7	Arts & Entertainment	2014-09-04	3
7	Arts & Entertainment	2014-09-05	3
7	Arts & Entertainment	2014-09-06	0
7	Arts & Entertainment	2014-09-07	7
7	College & University	2014-09-02	1
7	College & University	2014-09-03	0
7	College & University	2014-09-04	1
7	College & University	2014-09-05	2
7	College & University	2014-09-06	0
7	College & University	2014-09-07	0
7	Food	2014-09-02	9
7	Food	2014-09-03	29
7	Food	2014-09-04	20
7	Food	2014-09-05	35
7	Food	2014-09-06	25
7	Food	2014-09-07	15
7	Nightlife Spot	2014-09-02	3
7	Nightlife Spot	2014-09-03	9
7	Nightlife Spot	2014-09-04	8
7	Nightlife Spot	2014-09-05	5
7	Nightlife Spot	2014-09-06	6
7	Nightlife Spot	2014-09-07	4
7	Outdoors & Recreation	2014-09-02	3
7	Outdoors & Recreation	2014-09-03	6
7	Outdoors & Recreation	2014-09-04	5
7	Outdoors & Recreation	2014-09-05	2
7	Outdoors & Recreation	2014-09-06	0
7	Outdoors & Recreation	2014-09-07	4
7	Professional & Other Places	2014-09-02	3
7	Professional & Other Places	2014-09-03	17
7	Professional & Other Places	2014-09-04	17
7	Professional & Other Places	2014-09-05	13
7	Professional & Other Places	2014-09-06	14
7	Professional & Other Places	2014-09-07	8
7	Shop & Service	2014-09-02	4
7	Shop & Service	2014-09-03	7
7	Shop & Service	2014-09-04	4
7	Shop & Service	2014-09-05	3
7	Shop & Service	2014-09-06	3
7	Shop & Service	2014-09-07	8
7	Travel & Transport	2014-09-02	5
7	Travel & Transport	2014-09-03	5
7	Travel & Transport	2014-09-04	4
7	Travel & Transport	2014-09-05	4
7	Travel & Transport	2014-09-06	8
7	Travel & Transport	2014-09-07	1
70	Arts & Entertainment	2014-09-02	0
70	Arts & Entertainment	2014-09-03	0
70	Arts & Entertainment	2014-09-04	0
70	Arts & Entertainment	2014-09-05	0
70	Arts & Entertainment	2014-09-06	0
70	Arts & Entertainment	2014-09-07	1
70	Food	2014-09-02	0
70	Food	2014-09-03	0
70	Food	2014-09-04	1
70	Food	2014-09-05	2
70	Food	2014-09-06	3
70	Food	2014-09-07	10
70	Nightlife Spot	2014-09-02	1
70	Nightlife Spot	2014-09-03	1
70	Nightlife Spot	2014-09-04	1
70	Nightlife Spot	2014-09-05	1
70	Nightlife Spot	2014-09-06	0
70	Nightlife Spot	2014-09-07	1
70	Outdoors & Recreation	2014-09-02	0
70	Outdoors & Recreation	2014-09-03	2
70	Outdoors & Recreation	2014-09-04	1
70	Outdoors & Recreation	2014-09-05	0
70	Outdoors & Recreation	2014-09-06	1
70	Outdoors & Recreation	2014-09-07	0
70	Professional & Other Places	2014-09-02	0
70	Professional & Other Places	2014-09-03	1
70	Professional & Other Places	2014-09-04	2
70	Professional & Other Places	2014-09-05	1
70	Professional & Other Places	2014-09-06	3
70	Professional & Other Places	2014-09-07	0
70	Shop & Service	2014-09-02	4
70	Shop & Service	2014-09-03	3
70	Shop & Service	2014-09-04	4
70	Shop & Service	2014-09-05	5
70	Shop & Service	2014-09-06	4
70	Shop & Service	2014-09-07	4
71	Arts & Entertainment	2014-09-02	0
71	Arts & Entertainment	2014-09-03	0
71	Arts & Entertainment	2014-09-04	0
71	Arts & Entertainment	2014-09-05	0
71	Arts & Entertainment	2014-09-06	1
71	Arts & Entertainment	2014-09-07	0
71	Food	2014-09-02	2
71	Food	2014-09-03	2
71	Food	2014-09-04	3
71	Food	2014-09-05	5
71	Food	2014-09-06	7
71	Food	2014-09-07	4
71	Outdoors & Recreation	2014-09-02	1
71	Outdoors & Recreation	2014-09-03	1
71	Outdoors & Recreation	2014-09-04	0
71	Outdoors & Recreation	2014-09-05	2
71	Outdoors & Recreation	2014-09-06	0
71	Outdoors & Recreation	2014-09-07	3
71	Professional & Other Places	2014-09-02	4
71	Professional & Other Places	2014-09-03	2
71	Professional & Other Places	2014-09-04	1
71	Professional & Other Places	2014-09-05	0
71	Professional & Other Places	2014-09-06	0
71	Professional & Other Places	2014-09-07	1
71	Shop & Service	2014-09-02	1
71	Shop & Service	2014-09-03	1
71	Shop & Service	2014-09-04	5
71	Shop & Service	2014-09-05	2638
71	Shop & Service	2014-09-06	4
71	Shop & Service	2014-09-07	16
71	Travel & Transport	2014-09-02	1
71	Travel & Transport	2014-09-03	1
71	Travel & Transport	2014-09-04	1
71	Travel & Transport	2014-09-05	1
71	Travel & Transport	2014-09-06	0
71	Travel & Transport	2014-09-07	5
72	Food	2014-09-02	0
72	Food	2014-09-03	7
72	Food	2014-09-04	2
72	Food	2014-09-05	3
72	Food	2014-09-06	4
72	Food	2014-09-07	1
72	Nightlife Spot	2014-09-02	0
72	Nightlife Spot	2014-09-03	0
72	Nightlife Spot	2014-09-04	0
72	Nightlife Spot	2014-09-05	0
72	Nightlife Spot	2014-09-06	1
72	Nightlife Spot	2014-09-07	0
72	Professional & Other Places	2014-09-02	1
72	Professional & Other Places	2014-09-03	6
72	Professional & Other Places	2014-09-04	4
72	Professional & Other Places	2014-09-05	4
72	Professional & Other Places	2014-09-06	7
72	Professional & Other Places	2014-09-07	0
72	Shop & Service	2014-09-02	2
72	Shop & Service	2014-09-03	4
72	Shop & Service	2014-09-04	1
72	Shop & Service	2014-09-05	6
72	Shop & Service	2014-09-06	0
72	Shop & Service	2014-09-07	2
73	Professional & Other Places	2014-09-02	0
73	Professional & Other Places	2014-09-03	1
73	Professional & Other Places	2014-09-04	0
73	Professional & Other Places	2014-09-05	0
73	Professional & Other Places	2014-09-06	0
73	Professional & Other Places	2014-09-07	0
73	Travel & Transport	2014-09-02	0
73	Travel & Transport	2014-09-03	1
73	Travel & Transport	2014-09-04	0
73	Travel & Transport	2014-09-05	0
73	Travel & Transport	2014-09-06	0
73	Travel & Transport	2014-09-07	1
74	Outdoors & Recreation	2014-09-02	0
74	Outdoors & Recreation	2014-09-03	1
74	Outdoors & Recreation	2014-09-04	1
74	Outdoors & Recreation	2014-09-05	0
74	Outdoors & Recreation	2014-09-06	0
74	Outdoors & Recreation	2014-09-07	0
74	Professional & Other Places	2014-09-02	1
74	Professional & Other Places	2014-09-03	2
74	Professional & Other Places	2014-09-04	0
74	Professional & Other Places	2014-09-05	0
74	Professional & Other Places	2014-09-06	2
74	Professional & Other Places	2014-09-07	0
75	Arts & Entertainment	2014-09-02	0
75	Arts & Entertainment	2014-09-03	0
75	Arts & Entertainment	2014-09-04	0
75	Arts & Entertainment	2014-09-05	0
75	Arts & Entertainment	2014-09-06	0
75	Arts & Entertainment	2014-09-07	1
75	Travel & Transport	2014-09-02	0
75	Travel & Transport	2014-09-03	2
75	Travel & Transport	2014-09-04	0
75	Travel & Transport	2014-09-05	2
75	Travel & Transport	2014-09-06	1
75	Travel & Transport	2014-09-07	5
76	Food	2014-09-02	0
76	Food	2014-09-03	0
76	Food	2014-09-04	0
76	Food	2014-09-05	0
76	Food	2014-09-06	0
76	Food	2014-09-07	1
76	Outdoors & Recreation	2014-09-02	2
76	Outdoors & Recreation	2014-09-03	2
76	Outdoors & Recreation	2014-09-04	0
76	Outdoors & Recreation	2014-09-05	0
76	Outdoors & Recreation	2014-09-06	0
76	Outdoors & Recreation	2014-09-07	2
76	Travel & Transport	2014-09-02	0
76	Travel & Transport	2014-09-03	0
76	Travel & Transport	2014-09-04	1
76	Travel & Transport	2014-09-05	0
76	Travel & Transport	2014-09-06	0
76	Travel & Transport	2014-09-07	1
77	College & University	2014-09-02	3
77	College & University	2014-09-03	4
77	College & University	2014-09-04	7
77	College & University	2014-09-05	6
77	College & University	2014-09-06	10
77	College & University	2014-09-07	1
77	Food	2014-09-02	1
77	Food	2014-09-03	0
77	Food	2014-09-04	3
77	Food	2014-09-05	7
77	Food	2014-09-06	6
77	Food	2014-09-07	8
77	Outdoors & Recreation	2014-09-02	2
77	Outdoors & Recreation	2014-09-03	0
77	Outdoors & Recreation	2014-09-04	1
77	Outdoors & Recreation	2014-09-05	2
77	Outdoors & Recreation	2014-09-06	2
77	Outdoors & Recreation	2014-09-07	0
77	Professional & Other Places	2014-09-02	1
77	Professional & Other Places	2014-09-03	1
77	Professional & Other Places	2014-09-04	3
77	Professional & Other Places	2014-09-05	1
77	Professional & Other Places	2014-09-06	0
77	Professional & Other Places	2014-09-07	0
77	Shop & Service	2014-09-02	0
77	Shop & Service	2014-09-03	0
77	Shop & Service	2014-09-04	0
77	Shop & Service	2014-09-05	0
77	Shop & Service	2014-09-06	1
77	Shop & Service	2014-09-07	0
77	Travel & Transport	2014-09-02	3
77	Travel & Transport	2014-09-03	1
77	Travel & Transport	2014-09-04	3
77	Travel & Transport	2014-09-05	1
77	Travel & Transport	2014-09-06	0
77	Travel & Transport	2014-09-07	1
78	Food	2014-09-02	1
78	Food	2014-09-03	2
78	Food	2014-09-04	2
78	Food	2014-09-05	4
78	Food	2014-09-06	4
78	Food	2014-09-07	5
78	Nightlife Spot	2014-09-02	0
78	Nightlife Spot	2014-09-03	1
78	Nightlife Spot	2014-09-04	1
78	Nightlife Spot	2014-09-05	1
78	Nightlife Spot	2014-09-06	1
78	Nightlife Spot	2014-09-07	3
78	Professional & Other Places	2014-09-02	1
78	Professional & Other Places	2014-09-03	7
78	Professional & Other Places	2014-09-04	4
78	Professional & Other Places	2014-09-05	9
78	Professional & Other Places	2014-09-06	8
78	Professional & Other Places	2014-09-07	3
78	Shop & Service	2014-09-02	2
78	Shop & Service	2014-09-03	4
78	Shop & Service	2014-09-04	3
78	Shop & Service	2014-09-05	1
78	Shop & Service	2014-09-06	1
78	Shop & Service	2014-09-07	1
78	Travel & Transport	2014-09-02	5
78	Travel & Transport	2014-09-03	1
78	Travel & Transport	2014-09-04	0
78	Travel & Transport	2014-09-05	4
78	Travel & Transport	2014-09-06	5
78	Travel & Transport	2014-09-07	3
79	College & University	2014-09-02	0
79	College & University	2014-09-03	0
79	College & University	2014-09-04	1
79	College & University	2014-09-05	0
79	College & University	2014-09-06	0
79	College & University	2014-09-07	0
79	Food	2014-09-02	1
79	Food	2014-09-03	5
79	Food	2014-09-04	6
79	Food	2014-09-05	6
79	Food	2014-09-06	5
79	Food	2014-09-07	0
79	Nightlife Spot	2014-09-02	0
79	Nightlife Spot	2014-09-03	0
79	Nightlife Spot	2014-09-04	1
79	Nightlife Spot	2014-09-05	0
79	Nightlife Spot	2014-09-06	0
79	Nightlife Spot	2014-09-07	0
79	Outdoors & Recreation	2014-09-02	0
79	Outdoors & Recreation	2014-09-03	2
79	Outdoors & Recreation	2014-09-04	0
79	Outdoors & Recreation	2014-09-05	1
79	Outdoors & Recreation	2014-09-06	0
79	Outdoors & Recreation	2014-09-07	3
79	Professional & Other Places	2014-09-02	1
79	Professional & Other Places	2014-09-03	11
79	Professional & Other Places	2014-09-04	11
79	Professional & Other Places	2014-09-05	10
79	Professional & Other Places	2014-09-06	10
79	Professional & Other Places	2014-09-07	1
79	Shop & Service	2014-09-02	2
79	Shop & Service	2014-09-03	4
79	Shop & Service	2014-09-04	5
79	Shop & Service	2014-09-05	3
79	Shop & Service	2014-09-06	5
79	Shop & Service	2014-09-07	1
79	Travel & Transport	2014-09-02	0
79	Travel & Transport	2014-09-03	0
79	Travel & Transport	2014-09-04	1
79	Travel & Transport	2014-09-05	2
79	Travel & Transport	2014-09-06	0
79	Travel & Transport	2014-09-07	1
8	Arts & Entertainment	2014-09-02	0
8	Arts & Entertainment	2014-09-03	10
8	Arts & Entertainment	2014-09-04	3
8	Arts & Entertainment	2014-09-05	4
8	Arts & Entertainment	2014-09-06	11
8	Arts & Entertainment	2014-09-07	14
8	Food	2014-09-02	1
8	Food	2014-09-03	1
8	Food	2014-09-04	0
8	Food	2014-09-05	1
8	Food	2014-09-06	0
8	Food	2014-09-07	2
8	Nightlife Spot	2014-09-02	0
8	Nightlife Spot	2014-09-03	6
8	Nightlife Spot	2014-09-04	5
8	Nightlife Spot	2014-09-05	30
8	Nightlife Spot	2014-09-06	3
8	Nightlife Spot	2014-09-07	17
8	Outdoors & Recreation	2014-09-02	4
8	Outdoors & Recreation	2014-09-03	9
8	Outdoors & Recreation	2014-09-04	9
8	Outdoors & Recreation	2014-09-05	21
8	Outdoors & Recreation	2014-09-06	15
8	Outdoors & Recreation	2014-09-07	34
8	Professional & Other Places	2014-09-02	0
8	Professional & Other Places	2014-09-03	1
8	Professional & Other Places	2014-09-04	1
8	Professional & Other Places	2014-09-05	2
8	Professional & Other Places	2014-09-06	0
8	Professional & Other Places	2014-09-07	0
8	Travel & Transport	2014-09-02	3
8	Travel & Transport	2014-09-03	4
8	Travel & Transport	2014-09-04	6
8	Travel & Transport	2014-09-05	2
8	Travel & Transport	2014-09-06	3
8	Travel & Transport	2014-09-07	1
80	Food	2014-09-02	2
80	Food	2014-09-03	2
80	Food	2014-09-04	0
80	Food	2014-09-05	4
80	Food	2014-09-06	0
80	Food	2014-09-07	0
80	Outdoors & Recreation	2014-09-02	1
80	Outdoors & Recreation	2014-09-03	2
80	Outdoors & Recreation	2014-09-04	2
80	Outdoors & Recreation	2014-09-05	4
80	Outdoors & Recreation	2014-09-06	1
80	Outdoors & Recreation	2014-09-07	4
80	Professional & Other Places	2014-09-02	0
80	Professional & Other Places	2014-09-03	1
80	Professional & Other Places	2014-09-04	2
80	Professional & Other Places	2014-09-05	1
80	Professional & Other Places	2014-09-06	2
80	Professional & Other Places	2014-09-07	0
80	Shop & Service	2014-09-02	0
80	Shop & Service	2014-09-03	3
80	Shop & Service	2014-09-04	0
80	Shop & Service	2014-09-05	1
80	Shop & Service	2014-09-06	2
80	Shop & Service	2014-09-07	1
80	Travel & Transport	2014-09-02	0
80	Travel & Transport	2014-09-03	3
80	Travel & Transport	2014-09-04	2
80	Travel & Transport	2014-09-05	3
80	Travel & Transport	2014-09-06	1
80	Travel & Transport	2014-09-07	2
81	Professional & Other Places	2014-09-02	1
81	Professional & Other Places	2014-09-03	0
81	Professional & Other Places	2014-09-04	0
81	Professional & Other Places	2014-09-05	0
81	Professional & Other Places	2014-09-06	0
81	Professional & Other Places	2014-09-07	0
81	Shop & Service	2014-09-02	0
81	Shop & Service	2014-09-03	0
81	Shop & Service	2014-09-04	2
81	Shop & Service	2014-09-05	1
81	Shop & Service	2014-09-06	0
81	Shop & Service	2014-09-07	0
81	Travel & Transport	2014-09-02	0
81	Travel & Transport	2014-09-03	2
81	Travel & Transport	2014-09-04	1
81	Travel & Transport	2014-09-05	0
81	Travel & Transport	2014-09-06	3
81	Travel & Transport	2014-09-07	0
82	Nightlife Spot	2014-09-02	0
82	Nightlife Spot	2014-09-03	0
82	Nightlife Spot	2014-09-04	0
82	Nightlife Spot	2014-09-05	2
82	Nightlife Spot	2014-09-06	0
82	Nightlife Spot	2014-09-07	0
82	Outdoors & Recreation	2014-09-02	0
82	Outdoors & Recreation	2014-09-03	0
82	Outdoors & Recreation	2014-09-04	0
82	Outdoors & Recreation	2014-09-05	0
82	Outdoors & Recreation	2014-09-06	1
82	Outdoors & Recreation	2014-09-07	0
82	Professional & Other Places	2014-09-02	0
82	Professional & Other Places	2014-09-03	1
82	Professional & Other Places	2014-09-04	1
82	Professional & Other Places	2014-09-05	0
82	Professional & Other Places	2014-09-06	1
82	Professional & Other Places	2014-09-07	0
83	Food	2014-09-02	0
83	Food	2014-09-03	1
83	Food	2014-09-04	0
83	Food	2014-09-05	0
83	Food	2014-09-06	1
83	Food	2014-09-07	0
83	Outdoors & Recreation	2014-09-02	0
83	Outdoors & Recreation	2014-09-03	0
83	Outdoors & Recreation	2014-09-04	0
83	Outdoors & Recreation	2014-09-05	1
83	Outdoors & Recreation	2014-09-06	0
83	Outdoors & Recreation	2014-09-07	1
83	Professional & Other Places	2014-09-02	0
83	Professional & Other Places	2014-09-03	0
83	Professional & Other Places	2014-09-04	1
83	Professional & Other Places	2014-09-05	0
83	Professional & Other Places	2014-09-06	0
83	Professional & Other Places	2014-09-07	0
83	Travel & Transport	2014-09-02	0
83	Travel & Transport	2014-09-03	0
83	Travel & Transport	2014-09-04	0
83	Travel & Transport	2014-09-05	0
83	Travel & Transport	2014-09-06	0
83	Travel & Transport	2014-09-07	2
84	Arts & Entertainment	2014-09-02	0
84	Arts & Entertainment	2014-09-03	1
84	Arts & Entertainment	2014-09-04	1
84	Arts & Entertainment	2014-09-05	0
84	Arts & Entertainment	2014-09-06	0
84	Arts & Entertainment	2014-09-07	1
84	Outdoors & Recreation	2014-09-02	0
84	Outdoors & Recreation	2014-09-03	1
84	Outdoors & Recreation	2014-09-04	0
84	Outdoors & Recreation	2014-09-05	2
84	Outdoors & Recreation	2014-09-06	0
84	Outdoors & Recreation	2014-09-07	4
84	Professional & Other Places	2014-09-02	0
84	Professional & Other Places	2014-09-03	0
84	Professional & Other Places	2014-09-04	1
84	Professional & Other Places	2014-09-05	0
84	Professional & Other Places	2014-09-06	0
84	Professional & Other Places	2014-09-07	0
85	Food	2014-09-02	0
85	Food	2014-09-03	4
85	Food	2014-09-04	1
85	Food	2014-09-05	1
85	Food	2014-09-06	0
85	Food	2014-09-07	3
85	Outdoors & Recreation	2014-09-02	0
85	Outdoors & Recreation	2014-09-03	0
85	Outdoors & Recreation	2014-09-04	0
85	Outdoors & Recreation	2014-09-05	0
85	Outdoors & Recreation	2014-09-06	0
85	Outdoors & Recreation	2014-09-07	1
85	Professional & Other Places	2014-09-02	1
85	Professional & Other Places	2014-09-03	0
85	Professional & Other Places	2014-09-04	0
85	Professional & Other Places	2014-09-05	1
85	Professional & Other Places	2014-09-06	1
85	Professional & Other Places	2014-09-07	0
87	Food	2014-09-02	0
87	Food	2014-09-03	0
87	Food	2014-09-04	0
87	Food	2014-09-05	1
87	Food	2014-09-06	0
87	Food	2014-09-07	1
87	Outdoors & Recreation	2014-09-02	0
87	Outdoors & Recreation	2014-09-03	0
87	Outdoors & Recreation	2014-09-04	0
87	Outdoors & Recreation	2014-09-05	0
87	Outdoors & Recreation	2014-09-06	0
87	Outdoors & Recreation	2014-09-07	2
87	Professional & Other Places	2014-09-02	0
87	Professional & Other Places	2014-09-03	1
87	Professional & Other Places	2014-09-04	0
87	Professional & Other Places	2014-09-05	0
87	Professional & Other Places	2014-09-06	0
87	Professional & Other Places	2014-09-07	0
87	Travel & Transport	2014-09-02	0
87	Travel & Transport	2014-09-03	0
87	Travel & Transport	2014-09-04	1
87	Travel & Transport	2014-09-05	0
87	Travel & Transport	2014-09-06	0
87	Travel & Transport	2014-09-07	0
88	Food	2014-09-02	0
88	Food	2014-09-03	0
88	Food	2014-09-04	0
88	Food	2014-09-05	0
88	Food	2014-09-06	1
88	Food	2014-09-07	0
88	Outdoors & Recreation	2014-09-02	0
88	Outdoors & Recreation	2014-09-03	1
88	Outdoors & Recreation	2014-09-04	0
88	Outdoors & Recreation	2014-09-05	1
88	Outdoors & Recreation	2014-09-06	2
88	Outdoors & Recreation	2014-09-07	2
88	Professional & Other Places	2014-09-02	0
88	Professional & Other Places	2014-09-03	0
88	Professional & Other Places	2014-09-04	0
88	Professional & Other Places	2014-09-05	0
88	Professional & Other Places	2014-09-06	2
88	Professional & Other Places	2014-09-07	0
88	Shop & Service	2014-09-02	0
88	Shop & Service	2014-09-03	2
88	Shop & Service	2014-09-04	2
88	Shop & Service	2014-09-05	0
88	Shop & Service	2014-09-06	4
88	Shop & Service	2014-09-07	4
9	Arts & Entertainment	2014-09-02	0
9	Arts & Entertainment	2014-09-03	0
9	Arts & Entertainment	2014-09-04	0
9	Arts & Entertainment	2014-09-05	1
9	Arts & Entertainment	2014-09-06	0
9	Arts & Entertainment	2014-09-07	1
9	Food	2014-09-02	9
9	Food	2014-09-03	13
9	Food	2014-09-04	20
9	Food	2014-09-05	20
9	Food	2014-09-06	25
9	Food	2014-09-07	23
9	Nightlife Spot	2014-09-02	2
9	Nightlife Spot	2014-09-03	2
9	Nightlife Spot	2014-09-04	3
9	Nightlife Spot	2014-09-05	2
9	Nightlife Spot	2014-09-06	8
9	Nightlife Spot	2014-09-07	10
9	Outdoors & Recreation	2014-09-02	3
9	Outdoors & Recreation	2014-09-03	5
9	Outdoors & Recreation	2014-09-04	8
9	Outdoors & Recreation	2014-09-05	17
9	Outdoors & Recreation	2014-09-06	11
9	Outdoors & Recreation	2014-09-07	24
9	Professional & Other Places	2014-09-02	1
9	Professional & Other Places	2014-09-03	13
9	Professional & Other Places	2014-09-04	4
9	Professional & Other Places	2014-09-05	10
9	Professional & Other Places	2014-09-06	11
9	Professional & Other Places	2014-09-07	7
9	Residence	2014-09-02	0
9	Residence	2014-09-03	0
9	Residence	2014-09-04	1
9	Residence	2014-09-05	2
9	Residence	2014-09-06	0
9	Residence	2014-09-07	2
9	Shop & Service	2014-09-02	19
9	Shop & Service	2014-09-03	22
9	Shop & Service	2014-09-04	23
9	Shop & Service	2014-09-05	23
9	Shop & Service	2014-09-06	29
9	Shop & Service	2014-09-07	44
9	Travel & Transport	2014-09-02	13
9	Travel & Transport	2014-09-03	15
9	Travel & Transport	2014-09-04	27
9	Travel & Transport	2014-09-05	21
9	Travel & Transport	2014-09-06	37
9	Travel & Transport	2014-09-07	19
